bedrooms,bathrooms,area_sqft_log,sqft_per_room,bath_to_bed_ratio,house_age,location_austin,location_boston,location_chicago,location_los angeles,location_miami,location_new york city,location_san francisco,area_sqft_log_x_location_austin,area_sqft_log_x_location_boston,area_sqft_log_x_location_chicago,area_sqft_log_x_location_los angeles,area_sqft_log_x_location_miami,area_sqft_log_x_location_new york city,area_sqft_log_x_location_san francisco
-1.4821146229332027,-0.6680383486656208,0.7553088811425369,2.442361238252053,0.7133944273882723,-0.12119100556801832,0.0,1.0,0.0,0.0,0.0,0.0,0.0,-0.35710548845090123,2.7945049407819043,-0.38743080643916394,-0.48208812507719034,-0.2995819680308855,-0.4494171319270536,-0.48719841543888975
0.8218885691725938,1.3856484475855815,-0.9768511475239938,-0.8030345383595672,-0.1622774677927077,1.3650103951610582,0.0,1.0,0.0,0.0,0.0,0.0,0.0,-0.35710548845090123,2.4040279682400563,-0.38743080643916394,-0.48208812507719034,-0.2995819680308855,-0.4494171319270536,-0.48719841543888975
-0.9061138249067536,-0.6680383486656208,-0.49697251335979914,-0.21486523385913678,-0.1622774677927077,1.393051931023871,0.0,0.0,0.0,0.0,1.0,0.0,0.0,-0.35710548845090123,-0.36940816537282545,-0.38743080643916394,-0.48208812507719034,3.2142671061759938,-0.4494171319270536,-0.48719841543888975
-1.4821146229332027,1.3856484475855815,-2.4022489644029754,-0.5033752851189089,3.3404101129312123,0.29943203237417315,0.0,0.0,0.0,0.0,0.0,1.0,0.0,-0.35710548845090123,-0.36940816537282545,-0.38743080643916394,-0.48208812507719034,-0.2995819680308855,1.7343257315650835,-0.48719841543888975
-0.3301130268803045,0.701086182168514,1.2424829989438058,0.4922288917707456,0.12961316393428557,1.5893426820635603,0.0,0.0,0.0,0.0,1.0,0.0,0.0,-0.35710548845090123,-0.36940816537282545,-0.38743080643916394,-0.48208812507719034,3.6924213597029327,-0.4494171319270536,-0.48719841543888975
0.020855201307854586,-0.6680383486656208,-1.472019358772273,-0.7934392591969722,-0.5527210436976333,-1.1867693683549034,0.0,0.0,0.0,1.0,0.0,0.0,0.0,-0.35710548845090123,-0.36940816537282545,-0.38743080643916394,1.7859415258487585,-0.2995819680308855,-0.4494171319270536,-0.48719841543888975
1.3978893671990429,-0.6680383486656208,1.0025019065522143,-0.3840592639199523,-0.7460587312466944,-0.6820217228242736,0.0,1.0,0.0,0.0,0.0,0.0,0.0,-0.35710548845090123,2.85022911325905,-0.38743080643916394,-0.48208812507719034,-0.2995819680308855,-0.4494171319270536,-0.48719841543888975
1.3978893671990429,-1.3526006140826883,0.34785685858144894,-0.5979153019158965,-0.892004047110191,0.3274735682369859,0.0,0.0,0.0,0.0,0.0,1.0,0.0,-0.35710548845090123,-0.36940816537282545,-0.38743080643916394,-0.48208812507719034,-0.2995819680308855,2.286426100545859,-0.48719841543888975
-0.3301130268803045,0.701086182168514,0.6368056796924567,0.030938809813030644,0.12961316393428557,1.4491350027494965,0.0,0.0,0.0,0.0,0.0,1.0,0.0,-0.35710548845090123,-0.36940816537282545,-0.38743080643916394,-0.48208812507719034,-0.2995819680308855,2.34443432314539,-0.48719841543888975
0.8218885691725938,-1.3526006140826883,1.29259203020226,-0.1002436134942374,-0.8628149839374918,-0.9063540097267757,0.0,0.0,0.0,1.0,0.0,0.0,0.0,-0.35710548845090123,-0.36940816537282545,-0.38743080643916394,2.3169640513141236,-0.2995819680308855,-0.4494171319270536,-0.48719841543888975
-0.9061138249067536,-0.6680383486656208,-0.49697251335979914,-0.21486523385913678,-0.1622774677927077,1.393051931023871,0.0,0.0,0.0,0.0,1.0,0.0,0.0,-0.35710548845090123,-0.36940816537282545,-0.38743080643916394,-0.48208812507719034,3.2142671061759938,-0.4494171319270536,-0.48719841543888975
0.8218885691725938,-1.3526006140826883,-0.30259851635018076,-0.6801977165350676,-0.8628149839374918,-0.45768943592177147,0.0,1.0,0.0,0.0,0.0,0.0,0.0,-0.35710548845090123,2.556023235300806,-0.38743080643916394,-0.48208812507719034,-0.2995819680308855,-0.4494171319270536,-0.48719841543888975
-1.4821146229332027,0.016523916751446564,1.0716043696347428,3.1514113642294594,1.5890663225692523,0.24334896064854764,0.0,0.0,0.0,0.0,0.0,0.0,1.0,-0.35710548845090123,-0.36940816537282545,-0.38743080643916394,-0.48208812507719034,-0.2995819680308855,-0.4494171319270536,2.2840228658044435
1.3978893671990429,-1.3526006140826883,-2.5602920986676008,-0.9736303686694416,-0.892004047110191,0.7200550703163646,0.0,0.0,0.0,0.0,0.0,0.0,1.0,-0.35710548845090123,-0.36940816537282545,-0.38743080643916394,-0.48208812507719034,-0.2995819680308855,-0.4494171319270536,1.5827146169493578
1.3978893671990429,-0.6680383486656208,-0.32493713664389523,-0.7472233284435524,-0.7460587312466944,0.2713904965113604,0.0,0.0,0.0,0.0,0.0,0.0,1.0,-0.35710548845090123,-0.36940816537282545,-0.38743080643916394,-0.48208812507719034,-0.2995819680308855,-0.4494171319270536,2.0143549149777726
-1.4821146229332027,1.3856484475855815,0.1069003112028593,1.3401550424223472,3.3404101129312123,-1.5513093345714692,0.0,0.0,0.0,0.0,1.0,0.0,0.0,-0.35710548845090123,-0.36940816537282545,-0.38743080643916394,-0.48208812507719034,3.38026408489238,-0.4494171319270536,-0.48719841543888975
-0.9061138249067536,0.016523916751446564,0.2495426307368105,0.24515265275059497,0.2755584797977823,1.617384217926373,0.0,0.0,0.0,0.0,0.0,1.0,0.0,-0.35710548845090123,-0.36940816537282545,-0.38743080643916394,-0.48208812507719034,-0.2995819680308855,2.2666889249741273,-0.48719841543888975
-0.3301130268803045,0.701086182168514,-1.9671893668605829,-0.8195953413019361,0.12961316393428557,-1.2708939759433417,0.0,0.0,0.0,1.0,0.0,0.0,0.0,-0.35710548845090123,-0.36940816537282545,-0.38743080643916394,1.6908299925322106,-0.2995819680308855,-0.4494171319270536,-0.48719841543888975
-1.4821146229332027,-1.3526006140826883,0.379162403385692,1.7528711157498857,-0.1622774677927077,-0.9063540097267757,0.0,1.0,0.0,0.0,0.0,0.0,0.0,-0.35710548845090123,2.7097110791086023,-0.38743080643916394,-0.48208812507719034,-0.2995819680308855,-0.4494171319270536,-0.48719841543888975
0.24588777114614466,0.016523916751446564,1.2831093305974615,0.13256932786979228,-0.3811954415879527,-0.9624370814524013,1.0,0.0,0.0,0.0,0.0,0.0,0.0,3.075684491954369,-0.36940816537282545,-0.38743080643916394,-0.48208812507719034,-0.2995819680308855,-0.4494171319270536,-0.48719841543888975
0.24588777114614466,1.3856484475855815,0.564992746262453,-0.27476774450205554,0.056640506002537304,0.38355663996261147,0.0,0.0,1.0,0.0,0.0,0.0,0.0,-0.35710548845090123,-0.36940816537282545,2.6519431776989895,-0.48208812507719034,-0.2995819680308855,-0.4494171319270536,-0.48719841543888975
1.3978893671990429,-1.3526006140826883,-2.3111063817223707,-0.9604273663236554,-0.892004047110191,-1.3830601193945926,0.0,0.0,0.0,1.0,0.0,0.0,0.0,-0.35710548845090123,-0.36940816537282545,-0.38743080643916394,1.624770913664653,-0.2995819680308855,-0.4494171319270536,-0.48719841543888975
-0.3301130268803045,-1.3526006140826883,0.1653257065136105,-0.23083923669724848,-0.7460587312466944,0.9443873572188667,0.0,0.0,1.0,0.0,0.0,0.0,0.0,-0.35710548845090123,-0.36940816537282545,2.5642037794105814,-0.48208812507719034,-0.2995819680308855,-0.4494171319270536,-0.48719841543888975
0.8218885691725938,0.701086182168514,-0.49299999271739575,-0.7199045235898024,-0.3374118468289037,1.5893426820635603,0.0,0.0,0.0,0.0,0.0,1.0,0.0,-0.35710548845090123,-0.36940816537282545,-0.38743080643916394,-0.48208812507719034,-0.2995819680308855,2.117619004476256,-0.48719841543888975
0.8218885691725938,0.016523916751446564,0.1881497578895182,-0.5550136942935393,-0.5125462258650997,0.7761381420419902,0.0,0.0,0.0,0.0,1.0,0.0,0.0,-0.35710548845090123,-0.36940816537282545,-0.38743080643916394,-0.48208812507719034,3.4025985270526666,-0.4494171319270536,-0.48719841543888975
-0.3301130268803045,-0.6680383486656208,-0.007291529148696095,-0.3100572507719656,-0.45416809951970105,-0.8222294021383374,1.0,0.0,0.0,0.0,0.0,0.0,0.0,2.771510250018132,-0.36940816537282545,-0.38743080643916394,-0.48208812507719034,-0.2995819680308855,-0.4494171319270536,-0.48719841543888975
-1.4821146229332027,-1.3526006140826883,0.32461287558994534,1.664851100111311,-0.1622774677927077,0.29943203237417315,0.0,0.0,1.0,0.0,0.0,0.0,0.0,-0.35710548845090123,-0.36940816537282545,2.599172288143761,-0.48208812507719034,-0.2995819680308855,-0.4494171319270536,-0.48719841543888975
0.8218885691725938,-1.3526006140826883,-0.4220723805697849,-0.705625721052878,-0.8628149839374918,1.617384217926373,0.0,0.0,0.0,0.0,0.0,0.0,1.0,-0.35710548845090123,-0.36940816537282545,-0.38743080643916394,-0.48208812507719034,-0.2995819680308855,-0.4494171319270536,1.9955983924793164
0.24588777114614466,1.3856484475855815,-0.10493032385822298,-0.5280697895063979,0.056640506002537304,1.617384217926373,0.0,0.0,0.0,0.0,0.0,0.0,1.0,-0.35710548845090123,-0.36940816537282545,-0.38743080643916394,-0.48208812507719034,-0.2995819680308855,-0.4494171319270536,2.0568375666605805
0.8218885691725938,-1.3526006140826883,-0.1352592345548292,-0.6414689096540949,-0.8628149839374918,-1.691517013885533,0.0,0.0,0.0,0.0,0.0,0.0,1.0,-0.35710548845090123,-0.36940816537282545,-0.38743080643916394,-0.48208812507719034,-0.2995819680308855,-0.4494171319270536,2.0509811455219404
0.020855201307854586,-1.3526006140826883,-0.0013232411928845126,-0.4341392827481891,-0.7953352033356605,-0.8502709380011502,0.0,0.0,0.0,1.0,0.0,0.0,0.0,-0.35710548845090123,-0.36940816537282545,-0.38743080643916394,2.0684306921973055,-0.2995819680308855,-0.4494171319270536,-0.48719841543888975
-1.4821146229332027,-0.6680383486656208,0.7781523045519056,2.489305246592626,0.7133944273882723,-1.2708939759433417,0.0,0.0,0.0,1.0,0.0,0.0,0.0,-0.35710548845090123,-0.36940816537282545,-0.38743080643916394,2.2181512187388046,-0.2995819680308855,-0.4494171319270536,-0.48719841543888975
-0.3301130268803045,1.3856484475855815,-2.4481518385118353,-0.8779493516697319,0.42150379566127905,0.6920135344535518,0.0,1.0,0.0,0.0,0.0,0.0,0.0,-0.35710548845090123,2.072355934474252,-0.38743080643916394,-0.48208812507719034,-0.2995819680308855,-0.4494171319270536,-0.48719841543888975
0.8218885691725938,-0.6680383486656208,-1.3257114503439762,-0.8499785467001403,-0.6876806049012957,1.6734672896519986,0.0,0.0,0.0,0.0,1.0,0.0,0.0,-0.35710548845090123,-0.36940816537282545,-0.38743080643916394,-0.48208812507719034,2.9864572858158316,-0.4494171319270536,-0.48719841543888975
0.8218885691725938,1.3856484475855815,0.8002288371896563,-0.3392668559616555,-0.1622774677927077,0.0,0.0,0.0,0.0,1.0,0.0,0.0,0.0,-0.35710548845090123,-0.36940816537282545,-0.38743080643916394,2.2223916469456655,-0.2995819680308855,-0.4494171319270536,-0.48719841543888975
0.24588777114614466,1.3856484475855815,-0.8759693253617177,-0.7200023236071785,0.056640506002537304,1.140678108258556,1.0,0.0,0.0,0.0,0.0,0.0,0.0,2.5667448795099976,-0.36940816537282545,-0.38743080643916394,-0.48208812507719034,-0.2995819680308855,-0.4494171319270536,-0.48719841543888975
0.24588777114614466,-1.3526006140826883,-0.7948288538077178,-0.7036208206966661,-0.8190313891784428,1.2248027158469943,0.0,0.0,0.0,0.0,0.0,0.0,1.0,-0.35710548845090123,-0.36940816537282545,-0.38743080643916394,-0.48208812507719034,-0.2995819680308855,-0.4494171319270536,1.9236202422821864
-0.9061138249067536,-1.3526006140826883,0.8616539192939506,0.8042109472008043,-0.6001134153831977,0.551805855139488,0.0,0.0,0.0,0.0,0.0,0.0,1.0,-0.35710548845090123,-0.36940816537282545,-0.38743080643916394,-0.48208812507719034,-0.2995819680308855,-0.4494171319270536,2.2434820673648717
-0.3301130268803045,0.016523916751446564,0.7809864583567186,0.12645682678378015,-0.1622774677927077,0.0,0.0,0.0,0.0,0.0,0.0,0.0,1.0,-0.35710548845090123,-0.36940816537282545,-0.38743080643916394,-0.48208812507719034,-0.2995819680308855,-0.4494171319270536,2.227905424070323
-0.3301130268803045,-1.3526006140826883,0.3514983355769707,-0.13597321984234034,-0.7460587312466944,-1.1587278324920907,0.0,0.0,0.0,0.0,0.0,1.0,0.0,-0.35710548845090123,-0.36940816537282545,-0.38743080643916394,-0.48208812507719034,-0.2995819680308855,2.2871571490662683,-0.48719841543888975
-0.9061138249067536,-1.3526006140826883,-0.9059943375572116,-0.3938392656575717,-0.6001134153831977,1.3369688592982454,0.0,0.0,0.0,0.0,0.0,1.0,0.0,-0.35710548845090123,-0.36940816537282545,-0.38743080643916394,-0.48208812507719034,-0.2995819680308855,2.034707893104697,-0.48719841543888975
3.4138921602916152,0.016523916751446564,0.7370062275982489,-0.6933646872955047,-0.7614213960744309,-0.990478617315214,0.0,1.0,0.0,0.0,0.0,0.0,0.0,-0.35710548845090123,2.7903790144083707,-0.38743080643916394,-0.48208812507719034,-0.2995819680308855,-0.4494171319270536,-0.48719841543888975
-1.4821146229332027,1.3856484475855815,-0.2648438278919433,0.8726709593641401,3.3404101129312123,0.0,0.0,0.0,0.0,0.0,0.0,1.0,0.0,-0.35710548845090123,-0.36940816537282545,-0.38743080643916394,-0.48208812507719034,-0.2995819680308855,2.1634227338209957,-0.48719841543888975
0.020855201307854586,-0.6680383486656208,-1.472019358772273,-0.7934392591969722,-0.5527210436976333,-1.1867693683549034,0.0,0.0,0.0,1.0,0.0,0.0,0.0,-0.35710548845090123,-0.36940816537282545,-0.38743080643916394,1.7859415258487585,-0.2995819680308855,-0.4494171319270536,-0.48719841543888975
-1.4821146229332027,1.3856484475855815,0.01719491559990055,1.2179050207021047,3.3404101129312123,1.393051931023871,0.0,0.0,1.0,0.0,0.0,0.0,0.0,-0.35710548845090123,-0.36940816537282545,2.531684444138595,-0.48208812507719034,-0.2995819680308855,-0.4494171319270536,-0.48719841543888975
-1.4821146229332027,-0.6680383486656208,0.8562419715358106,2.654587275958394,0.7133944273882723,0.0,0.0,1.0,0.0,0.0,0.0,0.0,0.0,-0.35710548845090123,2.8172580622682597,-0.38743080643916394,-0.48208812507719034,-0.2995819680308855,-0.4494171319270536,-0.48719841543888975
0.24588777114614466,-0.6680383486656208,-0.2972802639630936,-0.5843047994977094,-0.6001134153831977,1.5893426820635603,0.0,0.0,0.0,0.0,0.0,0.0,1.0,-0.35710548845090123,-0.36940816537282545,-0.38743080643916394,-0.48208812507719034,-0.2995819680308855,-0.4494171319270536,2.019695373638382
-0.9061138249067536,1.3856484475855815,-0.3503067384261964,-0.13955922047946742,1.1512303749787622,1.0565535006701179,0.0,0.0,1.0,0.0,0.0,0.0,0.0,-0.35710548845090123,-0.36940816537282545,2.451006352658979,-0.48208812507719034,-0.2995819680308855,-0.4494171319270536,-0.48719841543888975
1.3978893671990429,0.701086182168514,1.297139143147642,-0.25773424147570184,-0.45416809951970105,0.8322212137676157,0.0,1.0,0.0,0.0,0.0,0.0,0.0,-0.35710548845090123,2.9166485284631096,-0.38743080643916394,-0.48208812507719034,-0.2995819680308855,-0.4494171319270536,-0.48719841543888975
-0.9061138249067536,0.701086182168514,0.5601681719965014,0.5039648938558888,0.7133944273882723,0.46768124755104973,0.0,0.0,0.0,0.0,0.0,0.0,1.0,-0.35710548845090123,-0.36940816537282545,-0.38743080643916394,-0.48208812507719034,-0.2995819680308855,-0.4494171319270536,2.185266079288876
-1.4821146229332027,-1.3526006140826883,0.32029651697739037,1.6580050988949775,-0.1622774677927077,0.0,0.0,0.0,0.0,1.0,0.0,0.0,0.0,-0.35710548845090123,-0.36940816537282545,-0.38743080643916394,2.130206946503517,-0.2995819680308855,-0.4494171319270536,-0.48719841543888975
1.3978893671990429,-1.3526006140826883,0.6439777003846654,-0.5111992865090045,-0.892004047110191,0.0,1.0,0.0,0.0,0.0,0.0,0.0,0.0,2.92502791291606,-0.36940816537282545,-0.38743080643916394,-0.48208812507719034,-0.2995819680308855,-0.4494171319270536,-0.48719841543888975
0.8218885691725938,-0.6680383486656208,-0.09940144725638872,-0.6326669080902374,-0.6876806049012957,0.0,0.0,0.0,0.0,0.0,1.0,0.0,0.0,-0.35710548845090123,-0.36940816537282545,-0.38743080643916394,-0.48208812507719034,3.323554348644662,-0.4494171319270536,-0.48719841543888975
0.8218885691725938,1.3856484475855815,1.1322714878146745,-0.185720828681031,-0.1622774677927077,1.6734672896519986,0.0,0.0,1.0,0.0,0.0,0.0,0.0,-0.35710548845090123,-0.36940816537282545,2.77647857965977,-0.48208812507719034,-0.2995819680308855,-0.4494171319270536,-0.48719841543888975
0.020855201307854586,0.016523916751446564,-0.5341611931058791,-0.6007829369834845,-0.31010688405960607,-1.0465616890408396,0.0,0.0,0.0,0.0,0.0,1.0,0.0,-0.35710548845090123,-0.36940816537282545,-0.38743080643916394,-0.48208812507719034,-0.2995819680308855,2.1093556446694284,-0.48719841543888975
-0.9061138249067536,-1.3526006140826883,-1.8020163269847975,-0.6642563137027481,-0.6001134153831977,0.7200550703163646,0.0,0.0,0.0,0.0,0.0,0.0,1.0,-0.35710548845090123,-0.36940816537282545,-0.38743080643916394,-0.48208812507719034,-0.2995819680308855,-0.4494171319270536,1.7291353803795109
-1.4821146229332027,-1.3526006140826883,-0.9212062778125301,0.258486850241642,-0.1622774677927077,-1.3550185835317798,0.0,0.0,0.0,0.0,0.0,1.0,0.0,-0.35710548845090123,-0.36940816537282545,-0.38743080643916394,-0.48208812507719034,-0.2995819680308855,2.0316540041387947,-0.48719841543888975
-0.9061138249067536,0.701086182168514,-1.0673200092174278,-0.45349727625705005,0.7133944273882723,-1.467184726983031,1.0,0.0,0.0,0.0,0.0,0.0,0.0,2.5216395552487905,-0.36940816537282545,-0.38743080643916394,-0.48208812507719034,-0.2995819680308855,-0.4494171319270536,-0.48719841543888975
0.24588777114614466,-0.6680383486656208,-0.24241216482248046,-0.5689012967609589,-0.6001134153831977,-1.6354339421599076,0.0,0.0,0.0,1.0,0.0,0.0,0.0,-0.35710548845090123,-0.36940816537282545,-0.38743080643916394,2.02212268319536,-0.2995819680308855,-0.4494171319270536,-0.48719841543888975
0.8218885691725938,-1.3526006140826883,1.1638965550136595,-0.16948602579658278,-0.8628149839374918,-1.1026447607664651,0.0,0.0,1.0,0.0,0.0,0.0,0.0,-0.35710548845090123,-0.36940816537282545,2.783421269676473,-0.48208812507719034,-0.2995819680308855,-0.4494171319270536,-0.48719841543888975
0.24588777114614466,0.016523916751446564,1.2148541137527653,0.08611431961610015,-0.3811954415879527,1.0565535006701179,0.0,0.0,1.0,0.0,0.0,0.0,0.0,-0.35710548845090123,-0.36940816537282545,2.7946080454106563,-0.48208812507719034,-0.2995819680308855,-0.4494171319270536,-0.48719841543888975
-1.4821146229332027,-0.6680383486656208,0.825707341133875,2.589061264316344,0.7133944273882723,1.3650103951610582,0.0,0.0,0.0,1.0,0.0,0.0,0.0,-0.35710548845090123,-0.36940816537282545,-0.38743080643916394,2.227285520841829,-0.2995819680308855,-0.4494171319270536,-0.48719841543888975
0.8218885691725938,0.701086182168514,0.789930506453368,-0.34357005672620805,-0.3374118468289037,-0.6539801869614609,0.0,0.0,0.0,0.0,0.0,1.0,0.0,-0.35710548845090123,-0.36940816537282545,-0.38743080643916394,-0.48208812507719034,-0.2995819680308855,2.3751750577921293,-0.48719841543888975
-0.3301130268803045,-1.3526006140826883,1.2207078225769568,0.4726688882955068,-0.7460587312466944,-1.6073924062970948,0.0,1.0,0.0,0.0,0.0,0.0,0.0,-0.35710548845090123,2.899418786308863,-0.38743080643916394,-0.48208812507719034,-0.2995819680308855,-0.4494171319270536,-0.48719841543888975
-0.9061138249067536,-1.3526006140826883,-0.4441045771225395,-0.18845922916756438,-0.6001134153831977,0.0,0.0,0.0,0.0,1.0,0.0,0.0,0.0,-0.35710548845090123,-0.36940816537282545,-0.38743080643916394,1.9833818986590903,-0.2995819680308855,-0.4494171319270536,-0.48719841543888975
1.3978893671990429,1.3856484475855815,0.4855614748688143,-0.5594472950812601,-0.3082227836562043,0.0,0.0,0.0,0.0,1.0,0.0,0.0,0.0,-0.35710548845090123,-0.36940816537282545,-0.38743080643916394,2.1619507986993165,-0.2995819680308855,-0.4494171319270536,-0.48719841543888975
-0.9061138249067536,0.701086182168514,-1.9141278311778047,-0.6891953181336775,0.7133944273882723,-0.009024862116767254,0.0,0.0,0.0,0.0,0.0,0.0,1.0,-0.35710548845090123,-0.36940816537282545,-0.38743080643916394,-0.48208812507719034,-0.2995819680308855,-0.4494171319270536,1.7074869872140364
-1.4821146229332027,1.3856484475855815,-2.271481037933021,-0.4593652772996217,3.3404101129312123,-0.17727407729364383,0.0,0.0,0.0,0.0,0.0,0.0,1.0,-0.35710548845090123,-0.36940816537282545,-0.38743080643916394,-0.48208812507719034,-0.2995819680308855,-0.4494171319270536,1.638483161295674
1.3978893671990429,-0.6680383486656208,0.21527492724449704,-0.6321453079975644,-0.7460587312466944,-0.513772507647397,0.0,0.0,0.0,0.0,0.0,1.0,0.0,-0.35710548845090123,-0.36940816537282545,-0.38743080643916394,-0.48208812507719034,-0.2995819680308855,2.2598094763419656,-0.48719841543888975
1.3978893671990429,-0.6680383486656208,1.1187588178703698,-0.33678925552145855,-0.7460587312466944,-1.6073924062970948,0.0,0.0,1.0,0.0,0.0,0.0,0.0,-0.35710548845090123,-0.36940816537282545,2.773512126556887,-0.48208812507719034,-0.2995819680308855,-0.4494171319270536,-0.48719841543888975
0.8218885691725938,1.3856484475855815,-2.2218434411839083,-0.9346733617479244,-0.1622774677927077,0.0,0.0,1.0,0.0,0.0,0.0,0.0,0.0,-0.35710548845090123,2.1233721318156924,-0.38743080643916394,-0.48208812507719034,-0.2995819680308855,-0.4494171319270536,-0.48719841543888975
-1.4821146229332027,0.701086182168514,0.8835771644408458,2.7142452865578726,2.464738217750232,-0.23335714901926938,0.0,0.0,0.0,1.0,0.0,0.0,0.0,-0.35710548845090123,-0.36940816537282545,-0.38743080643916394,2.2384010721425494,-0.2995819680308855,-0.4494171319270536,-0.48719841543888975
-1.4821146229332027,0.701086182168514,0.3761769630834137,1.747981114881076,2.464738217750232,-1.1026447607664651,1.0,0.0,0.0,0.0,0.0,0.0,0.0,2.861901725698084,-0.36940816537282545,-0.38743080643916394,-0.48208812507719034,-0.2995819680308855,-0.4494171319270536,-0.48719841543888975
-0.9061138249067536,-1.3526006140826883,0.7833446809482401,0.7210809324310394,-0.6001134153831977,0.46768124755104973,0.0,1.0,0.0,0.0,0.0,0.0,0.0,-0.35710548845090123,2.8008249886122125,-0.38743080643916394,-0.48208812507719034,-0.2995819680308855,-0.4494171319270536,-0.48719841543888975
0.8218885691725938,-1.3526006140826883,-1.9393003780600488,-0.9125705578209045,-0.8628149839374918,1.0845950365329307,0.0,0.0,0.0,0.0,0.0,0.0,1.0,-0.35710548845090123,-0.36940816537282545,-0.38743080643916394,-0.48208812507719034,-0.2995819680308855,-0.4494171319270536,1.702626244368726
-0.9061138249067536,-0.6680383486656208,-0.38721262756693786,-0.1591192239547062,-0.1622774677927077,1.4491350027494965,0.0,0.0,1.0,0.0,0.0,0.0,0.0,-0.35710548845090123,-0.36940816537282545,2.4429043572866753,-0.48208812507719034,-0.2995819680308855,-0.4494171319270536,-0.48719841543888975
0.24588777114614466,-0.6680383486656208,-0.2805471066471112,-0.5796592986723402,-0.6001134153831977,0.6359304627279263,0.0,0.0,1.0,0.0,0.0,0.0,0.0,-0.35710548845090123,-0.36940816537282545,2.4663207706829526,-0.48208812507719034,-0.2995819680308855,-0.4494171319270536,-0.48719841543888975
0.24588777114614466,-0.6680383486656208,-0.5711355954860977,-0.6542318119216881,-0.6001134153831977,0.38355663996261147,0.0,0.0,1.0,0.0,0.0,0.0,0.0,-0.35710548845090123,-0.36940816537282545,2.4025275212413857,-0.48208812507719034,-0.2995819680308855,-0.4494171319270536,-0.48719841543888975
-1.4821146229332027,-1.3526006140826883,-0.9186615666326529,0.2604428505891659,-0.1622774677927077,1.393051931023871,0.0,0.0,0.0,0.0,1.0,0.0,0.0,-0.35710548845090123,-0.36940816537282545,-0.38743080643916394,-0.48208812507719034,3.098350134996239,-0.4494171319270536,-0.48719841543888975
-0.3301130268803045,0.701086182168514,0.9643349600855196,0.2601168505312453,0.12961316393428557,-1.8036831573367842,0.0,0.0,0.0,1.0,0.0,0.0,0.0,-0.35710548845090123,-0.36940816537282545,-0.38743080643916394,2.2539129118048162,-0.2995819680308855,-0.4494171319270536,-0.48719841543888975
0.8218885691725938,-0.6680383486656208,-0.4693561717113221,-0.7152101227557451,-0.6876806049012957,-1.2148109042177162,0.0,0.0,0.0,0.0,0.0,1.0,0.0,-0.35710548845090123,-0.36940816537282545,-0.38743080643916394,-0.48208812507719034,-0.2995819680308855,2.1223656444755137,-0.48719841543888975
1.3978893671990429,1.3856484475855815,1.1437696427477164,-0.3261942536390376,-0.3082227836562043,1.7015088255148114,0.0,0.0,0.0,0.0,0.0,1.0,0.0,-0.35710548845090123,-0.36940816537282545,-0.38743080643916394,-0.48208812507719034,-0.2995819680308855,2.4462104034414645,-0.48719841543888975
-0.9061138249067536,1.3856484475855815,-0.03289103454067733,0.04723881270906305,1.1512303749787622,-1.0185201531780268,1.0,0.0,0.0,0.0,0.0,0.0,0.0,2.7654759157353106,-0.36940816537282545,-0.38743080643916394,-0.48208812507719034,-0.2995819680308855,-0.4494171319270536,-0.48719841543888975
-0.3301130268803045,-1.3526006140826883,0.3689906326512684,-0.12651921816264153,-0.7460587312466944,0.7200550703163646,0.0,0.0,0.0,0.0,0.0,1.0,0.0,-0.35710548845090123,-0.36940816537282545,-0.38743080643916394,-0.48208812507719034,-0.2995819680308855,2.290668833448857,-0.48719841543888975
-1.4821146229332027,1.3856484475855815,0.7253452080349229,2.381725227478813,3.3404101129312123,0.0,0.0,0.0,1.0,0.0,0.0,0.0,0.0,-0.35710548845090123,-0.36940816537282545,2.6871455514519584,-0.48208812507719034,-0.2995819680308855,-0.4494171319270536,-0.48719841543888975
-1.4821146229332027,0.016523916751446564,0.5767293303039854,2.0961491767403264,1.5890663225692523,-1.0746032249036523,0.0,0.0,1.0,0.0,0.0,0.0,0.0,-0.35710548845090123,-0.36940816537282545,2.6545197244725554,-0.48208812507719034,-0.2995819680308855,-0.4494171319270536,-0.48719841543888975
0.8218885691725938,0.701086182168514,-1.0033607173133205,-0.806946539054615,-0.3374118468289037,-0.31748175660770767,0.0,1.0,0.0,0.0,0.0,0.0,0.0,-0.35710548845090123,2.3980519750388436,-0.38743080643916394,-0.48208812507719034,-0.2995819680308855,-0.4494171319270536,-0.48719841543888975
0.24588777114614466,1.3856484475855815,0.7719955244302705,-0.1742782266480163,0.056640506002537304,1.4771765386123092,0.0,0.0,0.0,0.0,1.0,0.0,0.0,-0.35710548845090123,-0.36940816537282545,-0.38743080643916394,-0.48208812507719034,3.5630903215829255,-0.4494171319270536,-0.48719841543888975
-0.3301130268803045,1.3856484475855815,0.4441351908878374,-0.0847912107487988,0.42150379566127905,0.38355663996261147,0.0,0.0,0.0,1.0,0.0,0.0,0.0,-0.35710548845090123,-0.36940816537282545,-0.38743080643916394,2.1539936984616648,-0.2995819680308855,-0.4494171319270536,-0.48719841543888975
-1.4821146229332027,0.016523916751446564,-0.3503067384261964,0.7787829426829939,1.5890663225692523,-1.1026447607664651,0.0,0.0,0.0,0.0,1.0,0.0,0.0,-0.35710548845090123,-0.36940816537282545,-0.38743080643916394,-0.48208812507719034,3.2545836670970916,-0.4494171319270536,-0.48719841543888975
0.24588777114614466,-0.6680383486656208,0.6161473748946956,-0.25105124028832854,-0.6001134153831977,1.5613011462007476,0.0,0.0,0.0,0.0,0.0,1.0,0.0,-0.35710548845090123,-0.36940816537282545,-0.38743080643916394,-0.48208812507719034,-0.2995819680308855,2.3402870435730776,-0.48719841543888975
0.8218885691725938,-0.6680383486656208,-0.2840563355349744,-0.6760901158052675,-0.6876806049012957,0.8322212137676157,0.0,0.0,0.0,0.0,1.0,0.0,0.0,-0.35710548845090123,-0.36940816537282545,-0.38743080643916394,-0.48208812507719034,3.2727950623965083,-0.4494171319270536,-0.48719841543888975
-0.3301130268803045,-0.6680383486656208,-2.5177794259866952,-0.8851213529439861,-0.45416809951970105,-1.6634754780227203,0.0,0.0,0.0,0.0,0.0,0.0,1.0,-0.35710548845090123,-0.36940816537282545,-0.38743080643916394,-0.48208812507719034,-0.2995819680308855,-0.4494171319270536,1.5909236857629112
0.24588777114614466,1.3856484475855815,-1.4355442267189233,-0.8141348403317653,0.056640506002537304,-0.9063540097267757,0.0,0.0,0.0,0.0,0.0,1.0,0.0,-0.35710548845090123,-0.36940816537282545,-0.38743080643916394,-0.48208812507719034,-0.2995819680308855,1.9283975516056797,-0.48719841543888975
0.8218885691725938,-0.6680383486656208,1.270738390675159,-0.11237081564888554,-0.6876806049012957,1.1126365723957434,0.0,0.0,1.0,0.0,0.0,0.0,0.0,-0.35710548845090123,-0.36940816537282545,2.8068763896655016,-0.48208812507719034,-0.2995819680308855,-0.4494171319270536,-0.48719841543888975
1.3978893671990429,-1.3526006140826883,0.7072110211683612,-0.4906612828600037,-0.892004047110191,1.0845950365329307,0.0,1.0,0.0,0.0,0.0,0.0,0.0,-0.35710548845090123,2.783662347466253,-0.38743080643916394,-0.48208812507719034,-0.2995819680308855,-0.4494171319270536,-0.48719841543888975
1.3978893671990429,1.3856484475855815,-1.530952231459843,-0.9041923563323438,-0.3082227836562043,0.07509974547167104,0.0,1.0,0.0,0.0,0.0,0.0,0.0,-0.35710548845090123,2.279118196534961,-0.38743080643916394,-0.48208812507719034,-0.2995819680308855,-0.4494171319270536,-0.48719841543888975
0.8218885691725938,0.016523916751446564,0.31473090358968775,-0.5164804874473189,-0.5125462258650997,-1.1587278324920907,0.0,0.0,0.0,1.0,0.0,0.0,0.0,-0.35710548845090123,-0.36940816537282545,-0.38743080643916394,2.1291379115973132,-0.2995819680308855,-0.4494171319270536,-0.48719841543888975
-0.3301130268803045,0.016523916751446564,0.6357786527033183,0.030286809697189502,-0.1622774677927077,1.617384217926373,0.0,0.0,0.0,0.0,1.0,0.0,0.0,-0.35710548845090123,-0.36940816537282545,-0.38743080643916394,-0.48208812507719034,3.525646031598114,-0.4494171319270536,-0.48719841543888975
0.24588777114614466,1.3856484475855815,0.29729925423868087,-0.3879712646150001,0.056640506002537304,0.0,0.0,0.0,0.0,0.0,0.0,0.0,1.0,-0.35710548845090123,-0.36940816537282545,-0.38743080643916394,-0.48208812507719034,-0.2995819680308855,-0.4494171319270536,2.1345068844714805
-0.9061138249067536,-1.3526006140826883,0.4950667299551952,0.44577388351705344,-0.6001134153831977,-0.8783124738639629,0.0,0.0,0.0,0.0,0.0,1.0,0.0,-0.35710548845090123,-0.36940816537282545,-0.38743080643916394,-0.48208812507719034,-0.2995819680308855,2.315979372141371,-0.48719841543888975
0.24588777114614466,0.701086182168514,-0.4230244400006196,-0.6178013054490559,-0.1622774677927077,0.0,0.0,0.0,0.0,1.0,0.0,0.0,0.0,-0.35710548845090123,-0.36940816537282545,-0.38743080643916394,1.9874309406677722,-0.2995819680308855,-0.4494171319270536,-0.48719841543888975
-0.3301130268803045,-1.3526006140826883,1.2207078225769568,0.4726688882955068,-0.7460587312466944,-1.6073924062970948,0.0,1.0,0.0,0.0,0.0,0.0,0.0,-0.35710548845090123,2.899418786308863,-0.38743080643916394,-0.48208812507719034,-0.2995819680308855,-0.4494171319270536,-0.48719841543888975
0.8218885691725938,0.016523916751446564,0.4544432120224827,-0.47051447928050777,-0.5125462258650997,1.1967611799841815,1.0,0.0,0.0,0.0,0.0,0.0,0.0,2.880350703595477,-0.36940816537282545,-0.38743080643916394,-0.48208812507719034,-0.2995819680308855,-0.4494171319270536,-0.48719841543888975
-0.9061138249067536,-0.6680383486656208,-0.8946732732150648,-0.389438264875643,-0.1622774677927077,-1.3830601193945926,1.0,0.0,0.0,0.0,0.0,0.0,0.0,2.5623359711335527,-0.36940816537282545,-0.38743080643916394,-0.48208812507719034,-0.2995819680308855,-0.4494171319270536,-0.48719841543888975
-0.9061138249067536,-0.6680383486656208,-0.8415918104373975,-0.3684112611397613,-0.1622774677927077,-0.5698555793730226,0.0,0.0,0.0,0.0,0.0,0.0,1.0,-0.35710548845090123,-0.36940816537282545,-0.38743080643916394,-0.48208812507719034,-0.2995819680308855,-0.4494171319270536,1.9145904564632705
-1.4821146229332027,-0.6680383486656208,0.4861220681147285,1.9338011478958446,0.7133944273882723,0.3555151040997987,1.0,0.0,0.0,0.0,0.0,0.0,0.0,2.8878180669070312,-0.36940816537282545,-0.38743080643916394,-0.48208812507719034,-0.2995819680308855,-0.4494171319270536,-0.48719841543888975
1.3978893671990429,0.016523916751446564,0.062275243326755124,-0.6684943144557164,-0.6001134153831977,-0.6259386510986481,0.0,0.0,0.0,1.0,0.0,0.0,0.0,-0.35710548845090123,-0.36940816537282545,-0.38743080643916394,2.080646596392765,-0.2995819680308855,-0.4494171319270536,-0.48719841543888975
1.3978893671990429,1.3856484475855815,-1.3549751274185968,-0.887566353378391,-0.3082227836562043,1.393051931023871,0.0,0.0,0.0,1.0,0.0,0.0,0.0,-0.35710548845090123,-0.36940816537282545,-0.38743080643916394,1.8084232111852412,-0.2995819680308855,-0.4494171319270536,-0.48719841543888975
-0.3301130268803045,-1.3526006140826883,-0.017786269186921704,-0.3146212515828546,-0.7460587312466944,-0.3735648283333332,1.0,0.0,0.0,0.0,0.0,0.0,0.0,2.7690364221596533,-0.36940816537282545,-0.38743080643916394,-0.48208812507719034,-0.2995819680308855,-0.4494171319270536,-0.48719841543888975
0.8218885691725938,-0.6680383486656208,0.3653861444161693,-0.5002456845628707,-0.6876806049012957,-1.5232677987086565,0.0,0.0,0.0,0.0,0.0,0.0,1.0,-0.35710548845090123,-0.36940816537282545,-0.38743080643916394,-0.48208812507719034,-0.2995819680308855,-0.4494171319270536,2.14765425751394
-0.9061138249067536,0.016523916751446564,-0.6475651473740067,-0.2857702464568774,0.2755584797977823,0.15922435306010932,0.0,0.0,1.0,0.0,0.0,0.0,0.0,-0.35710548845090123,-0.36940816537282545,2.3857488474275232,-0.48208812507719034,-0.2995819680308855,-0.4494171319270536,-0.48719841543888975
1.3978893671990429,-0.6680383486656208,1.1407109972280447,-0.3274982538707201,-0.7460587312466944,-1.326977047668967,0.0,0.0,0.0,0.0,0.0,1.0,0.0,-0.35710548845090123,-0.36940816537282545,-0.38743080643916394,-0.48208812507719034,-0.2995819680308855,2.445596361863181,-0.48719841543888975
0.8218885691725938,0.016523916751446564,-1.0398112395648382,-0.8122277399929294,-0.5125462258650997,-1.7476000856111586,0.0,0.0,1.0,0.0,0.0,0.0,0.0,-0.35710548845090123,-0.36940816537282545,2.2996385789114346,-0.48208812507719034,-0.2995819680308855,-0.4494171319270536,-0.48719841543888975
0.24588777114614466,-0.6680383486656208,1.0941644494104192,0.008363305802025947,-0.6001134153831977,0.07509974547167104,0.0,0.0,1.0,0.0,0.0,0.0,0.0,-0.35710548845090123,-0.36940816537282545,2.76811289450784,-0.48208812507719034,-0.2995819680308855,-0.4494171319270536,-0.48719841543888975
1.3978893671990429,1.3856484475855815,-0.85134384819912,-0.8293753430395555,-0.3082227836562043,-0.513772507647397,0.0,1.0,0.0,0.0,0.0,0.0,0.0,-0.35710548845090123,2.4323207988453253,-0.38743080643916394,-0.48208812507719034,-0.2995819680308855,-0.4494171319270536,-0.48719841543888975
-1.4821146229332027,0.016523916751446564,-0.028345621048304855,1.1582470101026265,1.5890663225692523,1.252844251709807,0.0,0.0,1.0,0.0,0.0,0.0,0.0,-0.35710548845090123,-0.36940816537282545,2.521686873946778,-0.48208812507719034,-0.2995819680308855,-0.4494171319270536,-0.48719841543888975
1.3978893671990429,1.3856484475855815,-0.49597852027454,-0.776726333685371,-0.3082227836562043,0.9724288930816795,0.0,0.0,0.0,1.0,0.0,0.0,0.0,-0.35710548845090123,-0.36940816537282545,-0.38743080643916394,1.9734180272780064,-0.2995819680308855,-0.4494171319270536,-0.48719841543888975
-0.3301130268803045,0.016523916751446564,1.2869789836032621,0.5329788990108265,-0.1622774677927077,-1.1867693683549034,0.0,1.0,0.0,0.0,0.0,0.0,0.0,-0.35710548845090123,2.914358146354197,-0.38743080643916394,-0.48208812507719034,-0.2995819680308855,-0.4494171319270536,-0.48719841543888975
-1.4821146229332027,0.016523916751446564,-1.4116514121902517,-0.06914320796860776,1.5890663225692523,0.7761381420419902,0.0,0.0,0.0,1.0,0.0,0.0,0.0,-0.35710548845090123,-0.36940816537282545,-0.38743080643916394,1.7975369130264964,-0.2995819680308855,-0.4494171319270536,-0.48719841543888975
1.3978893671990429,-0.6680383486656208,1.3193508338497746,-0.24730223962224107,-0.7460587312466944,-0.7100632586870863,1.0,0.0,0.0,0.0,0.0,0.0,0.0,3.084227365818054,-0.36940816537282545,-0.38743080643916394,-0.48208812507719034,-0.2995819680308855,-0.4494171319270536,-0.48719841543888975
-0.9061138249067536,-0.6680383486656208,1.0984841964510117,1.0800069962016712,-0.1622774677927077,-1.3550185835317798,0.0,0.0,0.0,0.0,0.0,0.0,1.0,-0.35710548845090123,-0.36940816537282545,-0.38743080643916394,-0.48208812507719034,-0.2995819680308855,-0.4494171319270536,2.2892132792533313
-0.3301130268803045,0.016523916751446564,1.300977306732232,0.5460189013276523,-0.1622774677927077,0.1031412813344838,0.0,1.0,0.0,0.0,0.0,0.0,0.0,-0.35710548845090123,2.9175137571208714,-0.38743080643916394,-0.48208812507719034,-0.2995819680308855,-0.4494171319270536,-0.48719841543888975
0.8218885691725938,0.701086182168514,-0.024566956773466556,-0.6136937047192557,-0.3374118468289037,1.5332596103379348,0.0,0.0,0.0,1.0,0.0,0.0,0.0,-0.35710548845090123,-0.36940816537282545,-0.38743080643916394,2.0639660731922533,-0.2995819680308855,-0.4494171319270536,-0.48719841543888975
-0.3301130268803045,0.016523916751446564,-0.633511015620611,-0.5389092914322594,-0.1622774677927077,-0.8222294021383374,0.0,0.0,0.0,0.0,0.0,0.0,1.0,-0.35710548845090123,-0.36940816537282545,-0.38743080643916394,-0.48208812507719034,-0.2995819680308855,-0.4494171319270536,1.9547702300628045
-0.9061138249067536,-1.3526006140826883,-0.32403798327042704,-0.1253782179599193,-0.6001134153831977,-0.31748175660770767,0.0,0.0,1.0,0.0,0.0,0.0,0.0,-0.35710548845090123,-0.36940816537282545,2.4567731648849787,-0.48208812507719034,-0.2995819680308855,-0.4494171319270536,-0.48719841543888975
0.8218885691725938,1.3856484475855815,0.6052013309244251,-0.4165288696888488,-0.1622774677927077,0.7480966061791774,0.0,0.0,1.0,0.0,0.0,0.0,0.0,-0.35710548845090123,-0.36940816537282545,2.660770217893465,-0.48208812507719034,-0.2995819680308855,-0.4494171319270536,-0.48719841543888975
-0.3301130268803045,1.3856484475855815,-1.5382351936583119,-0.7517873292544416,0.42150379566127905,-0.09314946970520555,0.0,0.0,0.0,1.0,0.0,0.0,0.0,-0.35710548845090123,-0.36940816537282545,-0.38743080643916394,1.7732228848103795,-0.2995819680308855,-0.4494171319270536,-0.48719841543888975
0.24588777114614466,-1.3526006140826883,0.3563416427717327,-0.36449926044471354,-0.8190313891784428,-0.6820217228242736,0.0,0.0,0.0,1.0,0.0,0.0,0.0,-0.35710548845090123,-0.36940816537282545,-0.38743080643916394,2.1371304417210957,-0.2995819680308855,-0.4494171319270536,-0.48719841543888975
-0.9061138249067536,1.3856484475855815,-2.363436594081708,-0.7742813332509663,1.1512303749787622,0.8602627496304285,0.0,0.0,0.0,1.0,0.0,0.0,0.0,-0.35710548845090123,-0.36940816537282545,-0.38743080643916394,1.6147194027593532,-0.2995819680308855,-0.4494171319270536,-0.48719841543888975
1.3978893671990429,1.3856484475855815,1.327949743973078,-0.24322723889823303,-0.3082227836562043,1.5893426820635603,0.0,0.0,0.0,0.0,0.0,0.0,1.0,-0.35710548845090123,-0.36940816537282545,-0.38743080643916394,-0.48208812507719034,-0.2995819680308855,-0.4494171319270536,2.333522384072196
-0.9061138249067536,0.701086182168514,0.26954361325615206,0.2604428505891659,0.7133944273882723,-1.4111016552574054,0.0,0.0,0.0,0.0,0.0,0.0,1.0,-0.35710548845090123,-0.36940816537282545,-0.38743080643916394,-0.48208812507719034,-0.2995819680308855,-0.4494171319270536,2.1291473539498393
-1.4821146229332027,1.3856484475855815,1.2399567606871402,3.5856434413797604,3.3404101129312123,-0.6539801869614609,1.0,0.0,0.0,0.0,0.0,0.0,0.0,3.0655125363632556,-0.36940816537282545,-0.38743080643916394,-0.48208812507719034,-0.2995819680308855,-0.4494171319270536,-0.48719841543888975
0.24588777114614466,-0.6680383486656208,1.2152205564463099,0.08635881965954063,-0.6001134153831977,-0.6820217228242736,0.0,0.0,0.0,1.0,0.0,0.0,0.0,-0.35710548845090123,-0.36940816537282545,-0.38743080643916394,2.3021026514238114,-0.2995819680308855,-0.4494171319270536,-0.48719841543888975
0.8218885691725938,-0.6680383486656208,-0.8331040270181231,-0.7807361343977951,-0.6876806049012957,-1.5232677987086565,0.0,0.0,0.0,0.0,0.0,1.0,0.0,-0.35710548845090123,-0.36940816537282545,-0.38743080643916394,-0.48208812507719034,-0.2995819680308855,2.049341063583963,-0.48719841543888975
-1.4821146229332027,0.701086182168514,0.8835771644408458,2.7142452865578726,2.464738217750232,-0.23335714901926938,0.0,0.0,0.0,1.0,0.0,0.0,0.0,-0.35710548845090123,-0.36940816537282545,-0.38743080643916394,2.2384010721425494,-0.2995819680308855,-0.4494171319270536,-0.48719841543888975
0.8218885691725938,1.3856484475855815,-0.06273352989649027,-0.623473706456875,-0.1622774677927077,-1.691517013885533,0.0,1.0,0.0,0.0,0.0,0.0,0.0,-0.35710548845090123,2.6100954642976455,-0.38743080643916394,-0.48208812507719034,-0.2995819680308855,-0.4494171319270536,-0.48719841543888975
0.24588777114614466,-1.3526006140826883,-0.8710158633753547,-0.7190243234334166,-0.8190313891784428,1.4771765386123092,0.0,0.0,0.0,0.0,0.0,0.0,1.0,-0.35710548845090123,-0.36940816537282545,-0.38743080643916394,-0.48208812507719034,-0.2995819680308855,-0.4494171319270536,1.9089087606274353
0.020855201307854586,1.3856484475855815,-0.8043178684436885,-0.6674403986776026,0.17512143521644846,-0.6259386510986481,0.0,0.0,1.0,0.0,0.0,0.0,0.0,-0.35710548845090123,-0.36940816537282545,2.3513367291918854,-0.48208812507719034,-0.2995819680308855,-0.4494171319270536,-0.48719841543888975
-0.3301130268803045,-0.6680383486656208,0.7360374983883048,0.09581282133923945,-0.45416809951970105,-0.037066397979580015,0.0,0.0,0.0,0.0,0.0,0.0,1.0,-0.35710548845090123,-0.36940816537282545,-0.38743080643916394,-0.48208812507719034,-0.2995819680308855,-0.4494171319270536,2.2192259155329994
-1.4821146229332027,1.3856484475855815,0.6130270556217938,2.1636311887299002,3.3404101129312123,1.617384217926373,0.0,1.0,0.0,0.0,0.0,0.0,0.0,-0.35710548845090123,2.7624306661435285,-0.38743080643916394,-0.48208812507719034,-0.2995819680308855,-0.4494171319270536,-0.48719841543888975
0.24588777114614466,-0.6680383486656208,-1.1894196671706323,-0.7764818336419306,-0.6001134153831977,-0.48573097178458424,1.0,0.0,0.0,0.0,0.0,0.0,0.0,2.4928581338648215,-0.36940816537282545,-0.38743080643916394,-0.48208812507719034,-0.2995819680308855,-0.4494171319270536,-0.48719841543888975
-0.9061138249067536,0.016523916751446564,0.478257039498309,0.43110388091062435,0.2755584797977823,-1.0185201531780268,0.0,1.0,0.0,0.0,0.0,0.0,0.0,-0.35710548845090123,2.732049761946226,-0.38743080643916394,-0.48208812507719034,-0.2995819680308855,-0.4494171319270536,-0.48719841543888975
1.3978893671990429,-1.3526006140826883,1.019834987387229,-0.37721326270361877,-0.892004047110191,1.7015088255148114,1.0,0.0,0.0,0.0,0.0,0.0,0.0,3.013625269688362,-0.36940816537282545,-0.38743080643916394,-0.48208812507719034,-0.2995819680308855,-0.4494171319270536,-0.48719841543888975
0.8218885691725938,-1.3526006140826883,-0.1352592345548292,-0.6414689096540949,-0.8628149839374918,-1.691517013885533,0.0,0.0,0.0,0.0,0.0,0.0,1.0,-0.35710548845090123,-0.36940816537282545,-0.38743080643916394,-0.48208812507719034,-0.2995819680308855,-0.4494171319270536,2.0509811455219404
-1.4821146229332027,0.016523916751446564,-1.3998286719797712,-0.06229720675227419,1.5890663225692523,1.1967611799841815,0.0,0.0,1.0,0.0,0.0,0.0,0.0,-0.35710548845090123,-0.36940816537282545,2.220603507835085,-0.48208812507719034,-0.2995819680308855,-0.4494171319270536,-0.48719841543888975
1.3978893671990429,0.016523916751446564,-1.394786625171932,-0.8914783540734387,-0.6001134153831977,0.7200550703163646,0.0,0.0,0.0,0.0,1.0,0.0,0.0,-0.35710548845090123,-0.36940816537282545,-0.38743080643916394,-0.48208812507719034,2.967469396546181,-0.4494171319270536,-0.48719841543888975
-0.3301130268803045,-0.6680383486656208,-2.348739545962142,-0.8671913497583504,-0.45416809951970105,1.252844251709807,0.0,0.0,0.0,0.0,1.0,0.0,0.0,-0.35710548845090123,-0.36940816537282545,-0.38743080643916394,-0.48208812507719034,2.7052398405075717,-0.4494171319270536,-0.48719841543888975
-0.9061138249067536,1.3856484475855815,-0.35121977279463457,-0.14004822056634839,1.1512303749787622,-1.2989355118061545,0.0,0.0,0.0,0.0,0.0,1.0,0.0,-0.35710548845090123,-0.36940816537282545,-0.38743080643916394,-0.48208812507719034,-0.2995819680308855,2.1460822407195024,-0.48719841543888975
0.8218885691725938,0.701086182168514,-0.35762465894903145,-0.6921293186549633,-0.3374118468289037,0.8041796779048029,0.0,0.0,0.0,1.0,0.0,0.0,0.0,-0.35710548845090123,-0.36940816537282545,-0.38743080643916394,1.9999928352752374,-0.2995819680308855,-0.4494171319270536,-0.48719841543888975
-0.3301130268803045,-0.6680383486656208,-2.168324745901059,-0.8460013459935085,-0.45416809951970105,0.0,0.0,0.0,0.0,0.0,0.0,1.0,0.0,-0.35710548845090123,-0.36940816537282545,-0.38743080643916394,-0.48208812507719034,-0.2995819680308855,1.781287432554573,-0.48719841543888975
1.3978893671990429,0.016523916751446564,-0.42493014577513355,-0.7648273315712674,-0.6001134153831977,1.6454257537891859,0.0,0.0,0.0,0.0,1.0,0.0,0.0,-0.35710548845090123,-0.36940816537282545,-0.38743080643916394,-0.48208812507719034,3.234070639092533,-0.4494171319270536,-0.48719841543888975
-1.4821146229332027,-1.3526006140826883,1.1808019762795887,3.4281854134040883,-0.1622774677927077,0.38355663996261147,0.0,0.0,0.0,0.0,0.0,1.0,0.0,-0.35710548845090123,-0.36940816537282545,-0.38743080643916394,-0.48208812507719034,-0.2995819680308855,2.4536448682668865,-0.48719841543888975
-1.4821146229332027,-1.3526006140826883,1.1191463752148272,3.269749385254654,-0.1622774677927077,0.41159817582542424,0.0,0.0,0.0,1.0,0.0,0.0,0.0,-0.35710548845090123,-0.36940816537282545,-0.38743080643916394,2.2836488627455833,-0.2995819680308855,-0.4494171319270536,-0.48719841543888975
1.3978893671990429,-0.6680383486656208,-1.871499652114495,-0.9319023612555988,-0.7460587312466944,0.41159817582542424,0.0,0.0,0.0,0.0,0.0,0.0,1.0,-0.35710548845090123,-0.36940816537282545,-0.38743080643916394,-0.48208812507719034,-0.2995819680308855,-0.4494171319270536,1.7157183599614938
0.020855201307854586,0.016523916751446564,1.3131328148799852,0.28473163544081653,-0.31010688405960607,0.6359304627279263,0.0,0.0,1.0,0.0,0.0,0.0,0.0,-0.35710548845090123,-0.36940816537282545,2.816183289911397,-0.48208812507719034,-0.2995819680308855,-0.4494171319270536,-0.48719841543888975
0.24588777114614466,0.701086182168514,-0.15958779878408902,-0.5446957924603509,-0.1622774677927077,0.0,0.0,1.0,0.0,0.0,0.0,0.0,0.0,-0.35710548845090123,2.588261822447534,-0.38743080643916394,-0.48208812507719034,-0.2995819680308855,-0.4494171319270536,-0.48719841543888975
-0.9061138249067536,-0.6680383486656208,-0.3825557280982915,-0.15667422352030136,-0.1622774677927077,-0.513772507647397,0.0,0.0,0.0,1.0,0.0,0.0,0.0,-0.35710548845090123,-0.36940816537282545,-0.38743080643916394,1.9952041118564634,-0.2995819680308855,-0.4494171319270536,-0.48719841543888975
-0.3301130268803045,0.701086182168514,1.0058169788973512,0.2923908562653893,0.12961316393428557,-0.8783124738639629,1.0,0.0,0.0,0.0,0.0,0.0,0.0,3.0103209343931243,-0.36940816537282545,-0.38743080643916394,-0.48208812507719034,-0.2995819680308855,-0.4494171319270536,-0.48719841543888975
1.3978893671990429,-0.6680383486656208,0.8453665743329491,-0.4430652744035894,-0.7460587312466944,0.7200550703163646,0.0,0.0,1.0,0.0,0.0,0.0,0.0,-0.35710548845090123,-0.36940816537282545,2.713493990060654,-0.48208812507719034,-0.2995819680308855,-0.4494171319270536,-0.48719841543888975
-0.9061138249067536,0.016523916751446564,0.5698037873429843,0.5127668954197463,0.2755584797977823,-0.45768943592177147,0.0,1.0,0.0,0.0,0.0,0.0,0.0,-0.35710548845090123,2.752686941163414,-0.38743080643916394,-0.48208812507719034,-0.2995819680308855,-0.4494171319270536,-0.48719841543888975
-1.4821146229332027,0.701086182168514,0.06155746343738977,1.277563031301583,2.464738217750232,0.2713904965113604,0.0,0.0,1.0,0.0,0.0,0.0,0.0,-0.35710548845090123,-0.36940816537282545,2.5414234089935603,-0.48208812507719034,-0.2995819680308855,-0.4494171319270536,-0.48719841543888975
-0.9061138249067536,-0.6680383486656208,-0.5576915982418694,-0.24420523907199496,-0.1622774677927077,1.252844251709807,0.0,0.0,0.0,0.0,1.0,0.0,0.0,-0.35710548845090123,-0.36940816537282545,-0.38743080643916394,-0.48208812507719034,3.1975762000267616,-0.4494171319270536,-0.48719841543888975
-1.4821146229332027,-0.6680383486656208,-0.09074906237302331,1.0790289960279094,0.7133944273882723,-0.7381047945498991,0.0,0.0,0.0,0.0,0.0,1.0,0.0,-0.35710548845090123,-0.36940816537282545,-0.38743080643916394,-0.48208812507719034,-0.2995819680308855,2.1983733104414656,-0.48719841543888975
0.8218885691725938,1.3856484475855815,-0.2665815534920722,-0.6721781151102197,-0.1622774677927077,1.505218074475122,0.0,1.0,0.0,0.0,0.0,0.0,0.0,-0.35710548845090123,2.564142458920008,-0.38743080643916394,-0.48208812507719034,-0.2995819680308855,-0.4494171319270536,-0.48719841543888975
0.8218885691725938,1.3856484475855815,-0.9689775222781875,-0.801860938151053,-0.1622774677927077,0.0,0.0,0.0,0.0,0.0,0.0,1.0,0.0,-0.35710548845090123,-0.36940816537282545,-0.38743080643916394,-0.48208812507719034,-0.2995819680308855,2.022063638024251,-0.48719841543888975
-0.9061138249067536,-1.3526006140826883,0.3725875616604749,0.34210586509828783,-0.6001134153831977,0.0,0.0,0.0,1.0,0.0,0.0,0.0,0.0,-0.35710548845090123,-0.36940816537282545,2.6097042301611686,-0.48208812507719034,-0.2995819680308855,-0.4494171319270536,-0.48719841543888975
-0.9061138249067536,1.3856484475855815,0.6444888418042171,0.582693907843725,1.1512303749787622,0.0,0.0,1.0,0.0,0.0,0.0,0.0,0.0,-0.35710548845090123,2.769523026442784,-0.38743080643916394,-0.48208812507719034,-0.2995819680308855,-0.4494171319270536,-0.48719841543888975
0.8218885691725938,0.016523916751446564,0.3393298913418783,-0.5086564860572234,-0.5125462258650997,-1.1306862966292779,0.0,0.0,0.0,0.0,0.0,1.0,0.0,-0.35710548845090123,-0.36940816537282545,-0.38743080643916394,-0.48208812507719034,-0.2995819680308855,2.284714260325054,-0.48719841543888975
-0.9061138249067536,0.016523916751446564,0.8048895330484082,0.743574936427564,0.2755584797977823,-1.691517013885533,0.0,0.0,0.0,0.0,1.0,0.0,0.0,-0.35710548845090123,-0.36940816537282545,-0.38743080643916394,-0.48208812507719034,3.572132467257284,-0.4494171319270536,-0.48719841543888975
-0.9061138249067536,0.016523916751446564,-0.07979969080940628,0.01740980740932389,0.2755584797977823,-0.12119100556801832,0.0,0.0,0.0,0.0,0.0,0.0,1.0,-0.35710548845090123,-0.36940816537282545,-0.38743080643916394,-0.48208812507719034,-0.2995819680308855,-0.4494171319270536,2.0616902160711303
0.24588777114614466,0.701086182168514,-2.2409766199101364,-0.9055778565785066,-0.1622774677927077,1.6454257537891859,0.0,0.0,1.0,0.0,0.0,0.0,0.0,-0.35710548845090123,-0.36940816537282545,2.0359452611372393,-0.48208812507719034,-0.2995819680308855,-0.4494171319270536,-0.48719841543888975
0.24588777114614466,0.701086182168514,0.8086089923984348,-0.15520722325965844,-0.1622774677927077,-1.4391431911202182,0.0,0.0,0.0,1.0,0.0,0.0,0.0,-0.35710548845090123,-0.36940816537282545,-0.38743080643916394,2.2240012949419463,-0.2995819680308855,-0.4494171319270536,-0.48719841543888975
0.24588777114614466,1.3856484475855815,0.2985502645206999,-0.3874822645281191,0.056640506002537304,1.140678108258556,1.0,0.0,0.0,0.0,0.0,0.0,0.0,2.8436035030868783,-0.36940816537282545,-0.38743080643916394,-0.48208812507719034,-0.2995819680308855,-0.4494171319270536,-0.48719841543888975
-1.4821146229332027,-1.3526006140826883,1.0588077794599782,3.1201153586690773,-0.1622774677927077,-0.14923254143083106,0.0,0.0,1.0,0.0,0.0,0.0,0.0,-0.35710548845090123,-0.36940816537282545,2.76035100113559,-0.48208812507719034,-0.2995819680308855,-0.4494171319270536,-0.48719841543888975
0.8218885691725938,1.3856484475855815,1.004988811319403,-0.24811723976704272,-0.1622774677927077,-0.9063540097267757,0.0,0.0,0.0,0.0,1.0,0.0,0.0,-0.35710548845090123,-0.36940816537282545,-0.38743080643916394,-0.48208812507719034,3.627137220386174,-0.4494171319270536,-0.48719841543888975
-0.9061138249067536,0.701086182168514,-1.3931092313750468,-0.5581432948495776,0.7133944273882723,-1.1867693683549034,0.0,0.0,0.0,0.0,0.0,0.0,1.0,-0.35710548845090123,-0.36940816537282545,-0.38743080643916394,-0.48208812507719034,-0.2995819680308855,-0.4494171319270536,1.8080941066728675
1.3978893671990429,0.701086182168514,0.20209672164730888,-0.6354053085767708,-0.45416809951970105,0.0,0.0,0.0,0.0,0.0,0.0,1.0,0.0,-0.35710548845090123,-0.36940816537282545,-0.38743080643916394,-0.48208812507719034,-0.2995819680308855,2.257163871903073,-0.48719841543888975
0.24588777114614466,-1.3526006140826883,0.04424000857942261,-0.4799032809486224,-0.8190313891784428,-0.7381047945498991,0.0,0.0,0.0,0.0,1.0,0.0,0.0,-0.35710548845090123,-0.36940816537282545,-0.38743080643916394,-0.48208812507719034,3.3630395626124154,-0.4494171319270536,-0.48719841543888975
-0.9061138249067536,0.016523916751446564,0.8344217776887982,0.7748709419879461,0.2755584797977823,1.1687196441213688,1.0,0.0,0.0,0.0,0.0,0.0,0.0,2.969919531212584,-0.36940816537282545,-0.38743080643916394,-0.48208812507719034,-0.2995819680308855,-0.4494171319270536,-0.48719841543888975
1.3978893671990429,-1.3526006140826883,1.0308858896095567,-0.37281226192169004,-0.892004047110191,0.04705820960885827,0.0,0.0,0.0,1.0,0.0,0.0,0.0,-0.35710548845090123,-0.36940816537282545,-0.38743080643916394,2.266695917332776,-0.2995819680308855,-0.4494171319270536,-0.48719841543888975
-0.9061138249067536,0.701086182168514,-1.565825091862464,-0.6060653033639126,0.7133944273882723,-0.2894402207448949,0.0,0.0,1.0,0.0,0.0,0.0,0.0,-0.35710548845090123,-0.36940816537282545,2.184162108995466,-0.48208812507719034,-0.2995819680308855,-0.4494171319270536,-0.48719841543888975
0.24588777114614466,-1.3526006140826883,0.26954361325615206,-0.3987292665263814,-0.8190313891784428,-0.009024862116767254,1.0,0.0,0.0,0.0,0.0,0.0,0.0,2.836766033867245,-0.36940816537282545,-0.38743080643916394,-0.48208812507719034,-0.2995819680308855,-0.4494171319270536,-0.48719841543888975
0.24588777114614466,-0.6680383486656208,-0.03668810277429245,-0.5065537856836353,-0.6001134153831977,-0.9624370814524013,0.0,0.0,1.0,0.0,0.0,0.0,0.0,-0.35710548845090123,-0.36940816537282545,2.5198554386417045,-0.48208812507719034,-0.2995819680308855,-0.4494171319270536,-0.48719841543888975
1.3978893671990429,0.016523916751446564,0.27842377003448904,-0.6161713051594526,-0.6001134153831977,0.4957227834138625,0.0,0.0,0.0,0.0,0.0,1.0,0.0,-0.35710548845090123,-0.36940816537282545,-0.38743080643916394,-0.48208812507719034,-0.2995819680308855,2.2724869882812073,-0.48719841543888975
-1.4821146229332027,-1.3526006140826883,-0.21014629703182902,0.9352629704849043,-0.1622774677927077,-0.7381047945498991,0.0,0.0,1.0,0.0,0.0,0.0,0.0,-0.35710548845090123,-0.36940816537282545,2.4817759472683005,-0.48208812507719034,-0.2995819680308855,-0.4494171319270536,-0.48719841543888975
-0.3301130268803045,0.016523916751446564,0.5852148641027858,-0.0013351959211133615,-0.1622774677927077,1.5893426820635603,0.0,0.0,0.0,0.0,0.0,1.0,0.0,-0.35710548845090123,-0.36940816537282545,-0.38743080643916394,-0.48208812507719034,-0.2995819680308855,2.334077155037522,-0.48719841543888975
0.24588777114614466,-0.6680383486656208,-1.9346959859777004,-0.8757488512787674,-0.6001134153831977,0.6359304627279263,1.0,0.0,0.0,0.0,0.0,0.0,0.0,2.3171810505817527,-0.36940816537282545,-0.38743080643916394,-0.48208812507719034,-0.2995819680308855,-0.4494171319270536,-0.48719841543888975
0.8218885691725938,-0.6680383486656208,-1.7683025138091182,-0.8973137551102182,-0.6876806049012957,-0.5698555793730226,0.0,0.0,0.0,1.0,0.0,0.0,0.0,-0.35710548845090123,-0.36940816537282545,-0.38743080643916394,1.729031889337831,-0.2995819680308855,-0.4494171319270536,-0.48719841543888975
0.8218885691725938,1.3856484475855815,-0.2990511830885313,-0.6794153163960581,-0.1622774677927077,-1.579350870434282,1.0,0.0,0.0,0.0,0.0,0.0,0.0,2.702736449307719,-0.36940816537282545,-0.38743080643916394,-0.48208812507719034,-0.2995819680308855,-0.4494171319270536,-0.48719841543888975
0.24588777114614466,0.701086182168514,0.02747841119809664,-0.48552678194775356,-0.1622774677927077,-0.31748175660770767,0.0,0.0,0.0,1.0,0.0,0.0,0.0,-0.35710548845090123,-0.36940816537282545,-0.38743080643916394,2.073962871602783,-0.2995819680308855,-0.4494171319270536,-0.48719841543888975
-0.3301130268803045,-1.3526006140826883,0.2495426307368105,-0.18919869271357964,-0.7460587312466944,-0.4296479000589587,0.0,0.0,0.0,0.0,0.0,0.0,1.0,-0.35710548845090123,-0.36940816537282545,-0.38743080643916394,-0.48208812507719034,-0.2995819680308855,-0.4494171319270536,2.1252852245779144
-0.3301130268803045,-0.6680383486656208,-0.629209734317743,-0.5376052912005769,-0.45416809951970105,0.13118281719729658,0.0,0.0,0.0,0.0,0.0,0.0,1.0,-0.35710548845090123,-0.36940816537282545,-0.38743080643916394,-0.48208812507719034,-0.2995819680308855,-0.4494171319270536,1.9556007945033589
1.3978893671990429,1.3856484475855815,-0.6497375796094906,-0.800850337971499,-0.3082227836562043,-1.691517013885533,1.0,0.0,0.0,0.0,0.0,0.0,0.0,2.6200723933955916,-0.36940816537282545,-0.38743080643916394,-0.48208812507719034,-0.2995819680308855,-0.4494171319270536,-0.48719841543888975
1.3978893671990429,-0.6680383486656208,1.0791574158871688,-0.3532522584464512,-0.7460587312466944,-1.2148109042177162,1.0,0.0,0.0,0.0,0.0,0.0,0.0,3.027608796266557,-0.36940816537282545,-0.38743080643916394,-0.48208812507719034,-0.2995819680308855,-0.4494171319270536,-0.48719841543888975
-1.4821146229332027,-1.3526006140826883,0.9472857638267925,2.8570333119271156,-0.1622774677927077,0.0,0.0,0.0,0.0,1.0,0.0,0.0,0.0,-0.35710548845090123,-0.36940816537282545,-0.38743080643916394,2.2506381270410083,-0.2995819680308855,-0.4494171319270536,-0.48719841543888975
1.3978893671990429,1.3856484475855815,0.15243754407278357,-0.6474673107198347,-0.3082227836562043,0.24334896064854764,0.0,0.0,0.0,1.0,0.0,0.0,0.0,-0.35710548845090123,-0.36940816537282545,-0.38743080643916394,2.0979648396854262,-0.2995819680308855,-0.4494171319270536,-0.48719841543888975
1.3978893671990429,0.016523916751446564,1.0937712051072856,-0.3472212573749193,-0.6001134153831977,0.3274735682369859,0.0,0.0,0.0,0.0,0.0,1.0,0.0,-0.35710548845090123,-0.36940816537282545,-0.38743080643916394,-0.48208812507719034,-0.2995819680308855,2.436172914833194,-0.48719841543888975
1.3978893671990429,-0.6680383486656208,0.34481637733739046,-0.5987303020606981,-0.7460587312466944,1.2808857875726198,0.0,0.0,0.0,0.0,1.0,0.0,0.0,-0.35710548845090123,-0.36940816537282545,-0.38743080643916394,-0.48208812507719034,3.4456641932596055,-0.4494171319270536,-0.48719841543888975
0.020855201307854586,1.3856484475855815,1.171054734627835,0.17797131061365176,0.17512143521644846,-0.2894402207448949,0.0,0.0,0.0,0.0,0.0,0.0,1.0,-0.35710548845090123,-0.36940816537282545,-0.38743080643916394,-0.48208812507719034,-0.2995819680308855,-0.4494171319270536,2.303226431195146
-0.3301130268803045,0.701086182168514,-1.389759357223022,-0.7240773243311868,0.12961316393428557,-1.1867693683549034,0.0,0.0,0.0,0.0,0.0,0.0,1.0,-0.35710548845090123,-0.36940816537282545,-0.38743080643916394,-0.48208812507719034,-0.2995819680308855,-0.4494171319270536,1.808740957263446
0.24588777114614466,-1.3526006140826883,-0.3658948143702308,-0.6028868027991863,-0.8190313891784428,0.551805855139488,0.0,0.0,0.0,1.0,0.0,0.0,0.0,-0.35710548845090123,-0.36940816537282545,-0.38743080643916394,1.9984043158778022,-0.2995819680308855,-0.4494171319270536,-0.48719841543888975
1.3978893671990429,0.016523916751446564,1.0937712051072856,-0.3472212573749193,-0.6001134153831977,0.3274735682369859,0.0,0.0,0.0,0.0,0.0,1.0,0.0,-0.35710548845090123,-0.36940816537282545,-0.38743080643916394,-0.48208812507719034,-0.2995819680308855,2.436172914833194,-0.48719841543888975
1.3978893671990429,0.016523916751446564,0.6531550202508161,-0.5082652859877187,-0.6001134153831977,1.0285119648073051,0.0,0.0,0.0,1.0,0.0,0.0,0.0,-0.35710548845090123,-0.36940816537282545,-0.38743080643916394,2.1941419225857937,-0.2995819680308855,-0.4494171319270536,-0.48719841543888975
-0.9061138249067536,-1.3526006140826883,0.06442678241794171,0.11178682417735106,-0.6001134153831977,0.9443873572188667,0.0,1.0,0.0,0.0,0.0,0.0,0.0,-0.35710548845090123,2.6387609299349286,-0.38743080643916394,-0.48208812507719034,-0.2995819680308855,-0.4494171319270536,-0.48719841543888975
0.24588777114614466,-1.3526006140826883,-1.9531881868992476,-0.8777048516262913,-0.8190313891784428,-0.5978971152358353,0.0,0.0,0.0,1.0,0.0,0.0,0.0,-0.35710548845090123,-0.36940816537282545,-0.38743080643916394,1.6935193187688795,-0.2995819680308855,-0.4494171319270536,-0.48719841543888975
0.24588777114614466,0.016523916751446564,0.8902327219606057,-0.11119721544037117,-0.3811954415879527,1.7015088255148114,0.0,0.0,0.0,1.0,0.0,0.0,0.0,-0.35710548845090123,-0.36940816537282545,-0.38743080643916394,2.2396794619287657,-0.2995819680308855,-0.4494171319270536,-0.48719841543888975
0.020855201307854586,-1.3526006140826883,-1.7956443010032215,-0.8389614281588089,-0.7953352033356605,0.0,1.0,0.0,0.0,0.0,0.0,0.0,0.0,2.3499584162721234,-0.36940816537282545,-0.38743080643916394,-0.48208812507719034,-0.2995819680308855,-0.4494171319270536,-0.48719841543888975
0.020855201307854586,0.701086182168514,0.6025848010186313,-0.17076101946899067,-0.06749272442157886,-1.1587278324920907,0.0,0.0,0.0,0.0,0.0,1.0,0.0,-0.35710548845090123,-0.36940816537282545,-0.38743080643916394,-0.48208812507719034,-0.2995819680308855,2.3375642748786065,-0.48719841543888975
-0.3301130268803045,0.701086182168514,0.9304980113262424,0.23436284595551407,0.12961316393428557,1.505218074475122,0.0,0.0,1.0,0.0,0.0,0.0,0.0,-0.35710548845090123,-0.36940816537282545,2.7321829994468496,-0.48208812507719034,-0.2995819680308855,-0.4494171319270536,-0.48719841543888975
1.3978893671990429,0.016523916751446564,-2.0760082036904013,-0.9460833637751469,-0.6001134153831977,0.9443873572188667,0.0,0.0,0.0,0.0,0.0,0.0,1.0,-0.35710548845090123,-0.36940816537282545,-0.38743080643916394,-0.48208812507719034,-0.2995819680308855,-0.4494171319270536,1.6762283757526022
0.020855201307854586,0.701086182168514,-0.23045400368797878,-0.5121772866827664,-0.06749272442157886,1.1967611799841815,0.0,0.0,0.0,0.0,0.0,0.0,1.0,-0.35710548845090123,-0.36940816537282545,-0.38743080643916394,-0.48208812507719034,-0.2995819680308855,-0.4494171319270536,2.0325993228506185
1.3978893671990429,-0.6680383486656208,0.7918075353910359,-0.4619732777629868,-0.7460587312466944,0.0,0.0,0.0,0.0,1.0,0.0,0.0,0.0,-0.35710548845090123,-0.36940816537282545,-0.38743080643916394,2.22077409557239,-0.2995819680308855,-0.4494171319270536,-0.48719841543888975
-1.4821146229332027,1.3856484475855815,0.9812163465715439,2.9352733258280708,3.3404101129312123,0.7480966061791774,0.0,0.0,1.0,0.0,0.0,0.0,0.0,-0.35710548845090123,-0.36940816537282545,2.7433172581523184,-0.48208812507719034,-0.2995819680308855,-0.4494171319270536,-0.48719841543888975
1.3978893671990429,0.016523916751446564,0.6773904782451309,-0.5004412845976232,-0.6001134153831977,0.4957227834138625,0.0,0.0,1.0,0.0,0.0,0.0,0.0,-0.35710548845090123,-0.36940816537282545,2.676617990461481,-0.48208812507719034,-0.2995819680308855,-0.4494171319270536,-0.48719841543888975
0.24588777114614466,0.016523916751446564,-1.493215941888326,-0.8222033417653013,-0.3811954415879527,-0.5698555793730226,1.0,0.0,0.0,0.0,0.0,0.0,0.0,2.4212470520313167,-0.36940816537282545,-0.38743080643916394,-0.48208812507719034,-0.2995819680308855,-0.4494171319270536,-0.48719841543888975
0.8218885691725938,0.016523916751446564,-0.5301017000377186,-0.7271417248756407,-0.5125462258650997,0.1872658889229221,0.0,0.0,0.0,1.0,0.0,0.0,0.0,-0.35710548845090123,-0.36940816537282545,-0.38743080643916394,1.9668636966523654,-0.2995819680308855,-0.4494171319270536,-0.48719841543888975
-0.3301130268803045,0.701086182168514,0.2561365710691849,-0.18585122870419926,0.12961316393428557,1.1967611799841815,0.0,0.0,0.0,1.0,0.0,0.0,0.0,-0.35710548845090123,-0.36940816537282545,-0.38743080643916394,2.1178831976230157,-0.2995819680308855,-0.4494171319270536,-0.48719841543888975
0.8218885691725938,0.016523916751446564,0.6460213527213162,-0.40107646694341004,-0.5125462258650997,1.5332596103379348,0.0,0.0,0.0,0.0,0.0,0.0,1.0,-0.35710548845090123,-0.36940816537282545,-0.38743080643916394,-0.48208812507719034,-0.2995819680308855,-0.4494171319270536,2.201844069426602
0.8218885691725938,1.3856484475855815,-0.6519127669912217,-0.7498313289069177,-0.1622774677927077,-1.467184726983031,0.0,0.0,0.0,0.0,0.0,0.0,1.0,-0.35710548845090123,-0.36940816537282545,-0.38743080643916394,-0.48208812507719034,-0.2995819680308855,-0.4494171319270536,1.9512169074000518
-0.3301130268803045,0.701086182168514,-0.03592801633570213,-0.3224452529729501,0.12961316393428557,0.6920135344535518,0.0,0.0,0.0,0.0,0.0,0.0,1.0,-0.35710548845090123,-0.36940816537282545,-0.38743080643916394,-0.48208812507719034,-0.2995819680308855,-0.4494171319270536,2.070161704030113
-1.4821146229332027,1.3856484475855815,0.9270339656738632,2.8110673037603044,3.3404101129312123,0.41159817582542424,0.0,0.0,0.0,0.0,0.0,1.0,0.0,-0.35710548845090123,-0.36940816537282545,-0.38743080643916394,-0.48208812507719034,-0.2995819680308855,2.4026994060523106,-0.48719841543888975
-1.4821146229332027,-0.6680383486656208,0.825707341133875,2.589061264316344,0.7133944273882723,1.3650103951610582,0.0,0.0,0.0,1.0,0.0,0.0,0.0,-0.35710548845090123,-0.36940816537282545,-0.38743080643916394,2.227285520841829,-0.2995819680308855,-0.4494171319270536,-0.48719841543888975
-0.9061138249067536,0.016523916751446564,-1.207379360284329,-0.5009302846845041,0.2755584797977823,1.3089273234354326,0.0,0.0,0.0,0.0,0.0,1.0,0.0,-0.35710548845090123,-0.36940816537282545,-0.38743080643916394,-0.48208812507719034,-0.2995819680308855,1.9742030278510578,-0.48719841543888975
-0.3301130268803045,1.3856484475855815,-2.4204629588027213,-0.875015351148446,0.42150379566127905,1.5332596103379348,0.0,0.0,0.0,0.0,0.0,1.0,0.0,-0.35710548845090123,-0.36940816537282545,-0.38743080643916394,-0.48208812507719034,-0.2995819680308855,1.7306691620815862,-0.48719841543888975
0.8218885691725938,-1.3526006140826883,-1.0480176428792138,-0.8134013402014438,-0.8628149839374918,-1.6073924062970948,0.0,0.0,0.0,0.0,0.0,1.0,0.0,-0.35710548845090123,-0.36940816537282545,-0.38743080643916394,-0.48208812507719034,-0.2995819680308855,2.0061958559980466,-0.48719841543888975
0.8218885691725938,1.3856484475855815,0.5172264053979274,-0.44860727538824036,-0.1622774677927077,-0.5698555793730226,0.0,1.0,0.0,0.0,0.0,0.0,0.0,-0.35710548845090123,2.7408345391992106,-0.38743080643916394,-0.48208812507719034,-0.2995819680308855,-0.4494171319270536,-0.48719841543888975
-0.3301130268803045,0.016523916751446564,0.06800669400902787,-0.27647924480613895,-0.1622774677927077,0.04705820960885827,0.0,0.0,0.0,0.0,0.0,0.0,1.0,-0.35710548845090123,-0.36940816537282545,-0.38743080643916394,-0.48208812507719034,-0.2995819680308855,-0.4494171319270536,2.0902311829767948
0.8218885691725938,1.3856484475855815,1.1475852950903134,-0.1778968272909355,-0.1622774677927077,-0.5698555793730226,0.0,0.0,0.0,0.0,1.0,0.0,0.0,-0.35710548845090123,-0.36940816537282545,-0.38743080643916394,-0.48208812507719034,3.666335184789845,-0.4494171319270536,-0.48719841543888975
-0.3301130268803045,0.016523916751446564,0.4561552085252392,-0.07794520953246523,-0.1622774677927077,-0.9063540097267757,0.0,0.0,0.0,1.0,0.0,0.0,0.0,-0.35710548845090123,-0.36940816537282545,-0.38743080643916394,2.156302485927204,-0.2995819680308855,-0.4494171319270536,-0.48719841543888975
-0.9061138249067536,0.016523916751446564,0.7819301365211644,0.7196139321703965,0.2755584797977823,0.29943203237417315,0.0,0.0,0.0,0.0,0.0,0.0,1.0,-0.35710548845090123,-0.36940816537282545,-0.38743080643916394,-0.48208812507719034,-0.2995819680308855,-0.4494171319270536,2.228087645476348
-0.9061138249067536,0.016523916751446564,-1.6014217441085392,-0.615356305014651,0.2755584797977823,0.0,0.0,0.0,0.0,0.0,1.0,0.0,0.0,-0.35710548845090123,-0.36940816537282545,-0.38743080643916394,-0.48208812507719034,2.910668023732262,-0.4494171319270536,-0.48719841543888975
0.8218885691725938,0.701086182168514,1.2953916799087462,-0.09867881321621838,-0.3374118468289037,0.8322212137676157,0.0,0.0,0.0,0.0,0.0,0.0,1.0,-0.35710548845090123,-0.36940816537282545,-0.38743080643916394,-0.48208812507719034,-0.2995819680308855,-0.4494171319270536,2.3272355201446735
1.3978893671990429,0.701086182168514,-0.22790235181053428,-0.7291303252289566,-0.45416809951970105,-1.2989355118061545,0.0,0.0,0.0,0.0,0.0,0.0,1.0,-0.35710548845090123,-0.36940816537282545,-0.38743080643916394,-0.48208812507719034,-0.2995819680308855,-0.4494171319270536,2.0330920391285954
-1.4821146229332027,1.3856484475855815,0.7677201544874662,2.4677892427698636,3.3404101129312123,-0.34552329247052044,0.0,1.0,0.0,0.0,0.0,0.0,0.0,-0.35710548845090123,2.7973027864548863,-0.38743080643916394,-0.48208812507719034,-0.2995819680308855,-0.4494171319270536,-0.48719841543888975
0.24588777114614466,0.701086182168514,1.0624164810099723,-0.011196697673212845,-0.1622774677927077,-0.4016063641961459,0.0,1.0,0.0,0.0,0.0,0.0,0.0,-0.35710548845090123,2.863735522169437,-0.38743080643916394,-0.48208812507719034,-0.2995819680308855,-0.4494171319270536,-0.48719841543888975
0.8218885691725938,1.3856484475855815,-0.36313366268088176,-0.6933029188634776,-0.1622774677927077,-0.037066397979580015,0.0,0.0,0.0,1.0,0.0,0.0,0.0,-0.35710548845090123,-0.36940816537282545,-0.38743080643916394,1.9989346738692069,-0.2995819680308855,-0.4494171319270536,-0.48719841543888975
0.8218885691725938,1.3856484475855815,0.8002288371896563,-0.3392668559616555,-0.1622774677927077,0.0,0.0,0.0,0.0,1.0,0.0,0.0,0.0,-0.35710548845090123,-0.36940816537282545,-0.38743080643916394,2.2223916469456655,-0.2995819680308855,-0.4494171319270536,-0.48719841543888975
0.24588777114614466,0.016523916751446564,1.0194243241455672,-0.03711370227790425,-0.3811954415879527,0.7761381420419902,0.0,0.0,0.0,0.0,0.0,1.0,0.0,-0.35710548845090123,-0.36940816537282545,-0.38743080643916394,-0.48208812507719034,-0.2995819680308855,2.4212473290362846,-0.48719841543888975
0.24588777114614466,0.016523916751446564,1.1206957294490114,0.02498930875597892,-0.3811954415879527,0.0,0.0,0.0,0.0,0.0,0.0,1.0,0.0,-0.35710548845090123,-0.36940816537282545,-0.38743080643916394,-0.48208812507719034,-0.2995819680308855,2.4415781758596835,-0.48719841543888975
1.3978893671990429,-1.3526006140826883,-1.4878921869032866,-0.9002803556372961,-0.892004047110191,-1.3830601193945926,0.0,0.0,0.0,0.0,0.0,0.0,1.0,-0.35710548845090123,-0.36940816537282545,-0.38743080643916394,-0.48208812507719034,-0.2995819680308855,-0.4494171319270536,1.7897918039660146
0.8218885691725938,0.701086182168514,0.542903376746906,-0.4394140737548781,-0.3374118468289037,0.6359304627279263,0.0,0.0,0.0,1.0,0.0,0.0,0.0,-0.35710548845090123,-0.36940816537282545,-0.38743080643916394,2.1729649476215585,-0.2995819680308855,-0.4494171319270536,-0.48719841543888975
0.8218885691725938,-0.6680383486656208,1.1736844460496396,-0.16440042489302067,-0.6876806049012957,-0.7941878662755246,1.0,0.0,0.0,0.0,0.0,0.0,0.0,3.049890777501295,-0.36940816537282545,-0.38743080643916394,-0.48208812507719034,-0.2995819680308855,-0.4494171319270536,-0.48719841543888975
0.24588777114614466,-1.3526006140826883,-1.8191250476074023,-0.8630348490198623,-0.8190313891784428,1.2248027158469943,1.0,0.0,0.0,0.0,0.0,0.0,0.0,2.3444235173727006,-0.36940816537282545,-0.38743080643916394,-0.48208812507719034,-0.2995819680308855,-0.4494171319270536,-0.48719841543888975
0.24588777114614466,1.3856484475855815,1.1460600526415443,0.04112631162305092,0.056640506002537304,-0.7100632586870863,0.0,0.0,0.0,0.0,0.0,0.0,1.0,-0.35710548845090123,-0.36940816537282545,-0.38743080643916394,-0.48208812507719034,-0.2995819680308855,-0.4494171319270536,2.29840003352454
0.24588777114614466,-1.3526006140826883,1.1826701117661091,0.06484281583677796,-0.8190313891784428,1.252844251709807,0.0,0.0,0.0,1.0,0.0,0.0,0.0,-0.35710548845090123,-0.36940816537282545,-0.38743080643916394,2.295850409460245,-0.2995819680308855,-0.4494171319270536,-0.48719841543888975
1.3978893671990429,0.701086182168514,0.8880170711930971,-0.4275802716523586,-0.45416809951970105,0.0,0.0,0.0,0.0,0.0,0.0,1.0,0.0,-0.35710548845090123,-0.36940816537282545,-0.38743080643916394,-0.48208812507719034,-0.2995819680308855,2.394866528619275,-0.48719841543888975
-1.4821146229332027,-1.3526006140826883,0.9065401802248638,2.7651012955934933,-0.1622774677927077,-0.9063540097267757,0.0,0.0,0.0,0.0,0.0,0.0,1.0,-0.35710548845090123,-0.36940816537282545,-0.38743080643916394,-0.48208812507719034,-0.2995819680308855,-0.4494171319270536,2.252149468907247
-1.4821146229332027,-1.3526006140826883,0.379162403385692,1.7528711157498857,-0.1622774677927077,-0.9063540097267757,0.0,1.0,0.0,0.0,0.0,0.0,0.0,-0.35710548845090123,2.7097110791086023,-0.38743080643916394,-0.48208812507719034,-0.2995819680308855,-0.4494171319270536,-0.48719841543888975
0.8218885691725938,1.3856484475855815,0.4584352155351251,-0.46914527903724107,-0.1622774677927077,1.0285119648073051,0.0,0.0,0.0,0.0,0.0,0.0,1.0,-0.35710548845090123,-0.36940816537282545,-0.38743080643916394,-0.48208812507719034,-0.2995819680308855,-0.4494171319270536,2.1656217523733217
-1.4821146229332027,-0.6680383486656208,0.9322274140647598,2.8228033058454476,0.7133944273882723,0.13118281719729658,0.0,0.0,0.0,0.0,1.0,0.0,0.0,-0.35710548845090123,-0.36940816537282545,-0.38743080643916394,-0.48208812507719034,3.6071360353349986,-0.4494171319270536,-0.48719841543888975
0.8218885691725938,1.3856484475855815,0.6052013309244251,-0.4165288696888488,-0.1622774677927077,0.7480966061791774,0.0,0.0,1.0,0.0,0.0,0.0,0.0,-0.35710548845090123,-0.36940816537282545,2.660770217893465,-0.48208812507719034,-0.2995819680308855,-0.4494171319270536,-0.48719841543888975
0.8218885691725938,0.016523916751446564,-1.6887989574768312,-0.8896853537548751,-0.5125462258650997,-1.2989355118061545,0.0,0.0,0.0,1.0,0.0,0.0,0.0,-0.35710548845090123,-0.36940816537282545,-0.38743080643916394,1.7443028165413497,-0.2995819680308855,-0.4494171319270536,-0.48719841543888975
1.3978893671990429,0.016523916751446564,0.5100558674515497,-0.5522752938070059,-0.6001134153831977,1.0565535006701179,0.0,0.0,0.0,0.0,0.0,0.0,1.0,-0.35710548845090123,-0.36940816537282545,-0.38743080643916394,-0.48208812507719034,-0.2995819680308855,-0.4494171319270536,2.1755895444941107
-1.4821146229332027,1.3856484475855815,-0.137676620466794,1.0213269857759548,3.3404101129312123,0.0,0.0,0.0,0.0,0.0,0.0,0.0,1.0,-0.35710548845090123,-0.36940816537282545,-0.38743080643916394,-0.48208812507719034,-0.2995819680308855,-0.4494171319270536,2.050514355596753
1.3978893671990429,0.701086182168514,0.8376212310201206,-0.4458362748959148,-0.45416809951970105,0.7480966061791774,1.0,0.0,0.0,0.0,0.0,0.0,0.0,2.970673708710464,-0.36940816537282545,-0.38743080643916394,-0.48208812507719034,-0.2995819680308855,-0.4494171319270536,-0.48719841543888975
-0.3301130268803045,-1.3526006140826883,-1.1222653779076155,-0.6676793143109148,-0.7460587312466944,0.3555151040997987,0.0,0.0,0.0,0.0,0.0,1.0,0.0,-0.35710548845090123,-0.36940816537282545,-0.38743080643916394,-0.48208812507719034,-0.2995819680308855,1.9912901743466103,-0.48719841543888975
-0.3301130268803045,1.3856484475855815,-0.6694142966133174,-0.5496672933436408,0.42150379566127905,1.4491350027494965,0.0,0.0,0.0,1.0,0.0,0.0,0.0,-0.35710548845090123,-0.36940816537282545,-0.38743080643916394,1.940104736185899,-0.2995819680308855,-0.4494171319270536,-0.48719841543888975
-0.3301130268803045,0.016523916751446564,1.2869789836032621,0.5329788990108265,-0.1622774677927077,-1.1867693683549034,0.0,1.0,0.0,0.0,0.0,0.0,0.0,-0.35710548845090123,2.914358146354197,-0.38743080643916394,-0.48208812507719034,-0.2995819680308855,-0.4494171319270536,-0.48719841543888975
-0.3301130268803045,1.3856484475855815,1.0608135509674983,0.3364008640846766,0.42150379566127905,1.4771765386123092,0.0,0.0,0.0,0.0,0.0,0.0,1.0,-0.35710548845090123,-0.36940816537282545,-0.38743080643916394,-0.48208812507719034,-0.2995819680308855,-0.4494171319270536,2.2819391912808755
1.3978893671990429,-1.3526006140826883,1.3193508338497746,-0.24730223962224107,-0.892004047110191,-1.2708939759433417,1.0,0.0,0.0,0.0,0.0,0.0,0.0,3.084227365818054,-0.36940816537282545,-0.38743080643916394,-0.48208812507719034,-0.2995819680308855,-0.4494171319270536,-0.48719841543888975
-1.4821146229332027,-0.6680383486656208,-1.8320695243003855,-0.2843032461962345,0.7133944273882723,0.07509974547167104,1.0,0.0,0.0,0.0,0.0,0.0,0.0,2.341372235784029,-0.36940816537282545,-0.38743080643916394,-0.48208812507719034,-0.2995819680308855,-0.4494171319270536,-0.48719841543888975
1.3978893671990429,0.701086182168514,1.3282928052844756,-0.24306423886927273,-0.45416809951970105,-0.5698555793730226,0.0,0.0,0.0,0.0,0.0,0.0,1.0,-0.35710548845090123,-0.36940816537282545,-0.38743080643916394,-0.48208812507719034,-0.2995819680308855,-0.4494171319270536,2.333588628176247
-1.4821146229332027,-0.6680383486656208,0.48387859490981755,1.9298891472007969,0.7133944273882723,-0.9624370814524013,0.0,0.0,0.0,1.0,0.0,0.0,0.0,-0.35710548845090123,-0.36940816537282545,-0.38743080643916394,2.1616275535700207,-0.2995819680308855,-0.4494171319270536,-0.48719841543888975
-0.9061138249067536,-0.6680383486656208,0.9715298615311736,0.9274389690948087,-0.1622774677927077,1.6454257537891859,0.0,1.0,0.0,0.0,0.0,0.0,0.0,-0.35710548845090123,2.843247154217681,-0.38743080643916394,-0.48208812507719034,-0.2995819680308855,-0.4494171319270536,-0.48719841543888975
0.24588777114614466,1.3856484475855815,0.5580195528359444,-0.2779462450667819,0.056640506002537304,0.6920135344535518,0.0,0.0,0.0,1.0,0.0,0.0,0.0,-0.35710548845090123,-0.36940816537282545,-0.38743080643916394,2.1758684406890443,-0.2995819680308855,-0.4494171319270536,-0.48719841543888975
0.020855201307854586,0.016523916751446564,-0.5109492439583974,-0.5945507352803759,-0.31010688405960607,-0.8783124738639629,0.0,0.0,0.0,0.0,0.0,1.0,0.0,-0.35710548845090123,-0.36940816537282545,-0.38743080643916394,-0.48208812507719034,-0.2995819680308855,2.1140155837823094,-0.48719841543888975
1.3978893671990429,-0.6680383486656208,-0.15469440025615044,-0.7147863226804483,-0.7460587312466944,-0.037066397979580015,0.0,0.0,0.0,0.0,0.0,0.0,1.0,-0.35710548845090123,-0.36940816537282545,-0.38743080643916394,-0.48208812507719034,-0.2995819680308855,-0.4494171319270536,2.0472282736702345
0.24588777114614466,0.016523916751446564,-0.2570457769818675,-0.5730577974994472,-0.3811954415879527,0.6359304627279263,1.0,0.0,0.0,0.0,0.0,0.0,0.0,2.7126379946013506,-0.36940816537282545,-0.38743080643916394,-0.48208812507719034,-0.2995819680308855,-0.4494171319270536,-0.48719841543888975
-0.3301130268803045,-1.3526006140826883,0.5719377036625559,-0.00948519736912945,-0.7460587312466944,-1.579350870434282,1.0,0.0,0.0,0.0,0.0,0.0,0.0,2.90804659178121,-0.36940816537282545,-0.38743080643916394,-0.48208812507719034,-0.2995819680308855,-0.4494171319270536,-0.48719841543888975
1.3978893671990429,1.3856484475855815,1.0539843358667766,-0.3635212602709516,-0.3082227836562043,0.0,1.0,0.0,0.0,0.0,0.0,0.0,0.0,3.021674979286685,-0.36940816537282545,-0.38743080643916394,-0.48208812507719034,-0.2995819680308855,-0.4494171319270536,-0.48719841543888975
-0.3301130268803045,0.701086182168514,-0.2744231801491767,-0.41796326994369953,0.12961316393428557,-1.2989355118061545,0.0,0.0,0.0,0.0,0.0,0.0,1.0,-0.35710548845090123,-0.36940816537282545,-0.38743080643916394,-0.48208812507719034,-0.2995819680308855,-0.4494171319270536,2.0241090075520614
-0.3301130268803045,-1.3526006140826883,1.3055022723741956,0.5502569020806206,-0.7460587312466944,-0.09314946970520555,0.0,1.0,0.0,0.0,0.0,0.0,0.0,-0.35710548845090123,2.918533810034856,-0.38743080643916394,-0.48208812507719034,-0.2995819680308855,-0.4494171319270536,-0.48719841543888975
-0.9061138249067536,-1.3526006140826883,0.04424000857942261,0.09809482174468391,-0.6001134153831977,-1.6354339421599076,0.0,1.0,0.0,0.0,0.0,0.0,0.0,-0.35710548845090123,2.6342102705250583,-0.38743080643916394,-0.48208812507719034,-0.2995819680308855,-0.4494171319270536,-0.48719841543888975
-1.4821146229332027,1.3856484475855815,0.6244405794267733,2.185147192552663,3.3404101129312123,-0.14923254143083106,0.0,0.0,0.0,0.0,0.0,1.0,0.0,-0.35710548845090123,-0.36940816537282545,-0.38743080643916394,-0.48208812507719034,-0.2995819680308855,2.3419519545172043,-0.48719841543888975
-1.4821146229332027,1.3856484475855815,-1.7048096690337295,-0.22464523559675617,3.3404101129312123,0.04705820960885827,0.0,0.0,0.0,0.0,0.0,0.0,1.0,-0.35710548845090123,-0.36940816537282545,-0.38743080643916394,-0.48208812507719034,-0.2995819680308855,-0.4494171319270536,1.7479056927107388
0.24588777114614466,-1.3526006140826883,0.4872427052147786,-0.30948675067060444,-0.8190313891784428,-0.9624370814524013,0.0,0.0,1.0,0.0,0.0,0.0,0.0,-0.35710548845090123,-0.36940816537282545,2.634874615270852,-0.48208812507719034,-0.2995819680308855,-0.4494171319270536,-0.48719841543888975
0.8218885691725938,0.016523916751446564,0.6316643838144392,-0.40655326791647695,-0.5125462258650997,0.6359304627279263,0.0,0.0,0.0,0.0,0.0,1.0,0.0,-0.35710548845090123,-0.36940816537282545,-0.38743080643916394,-0.48208812507719034,-0.2995819680308855,2.3434021769175724,-0.48719841543888975
1.3978893671990429,1.3856484475855815,-0.08761353129752959,-0.7010943202477812,-0.3082227836562043,-1.4952262628458437,0.0,0.0,0.0,1.0,0.0,0.0,0.0,-0.35710548845090123,-0.36940816537282545,-0.38743080643916394,2.051856179064194,-0.2995819680308855,-0.4494171319270536,-0.48719841543888975
-0.9061138249067536,0.016523916751446564,0.2495426307368105,0.24515265275059497,0.2755584797977823,-1.242852440080529,0.0,0.0,0.0,0.0,0.0,0.0,1.0,-0.35710548845090123,-0.36940816537282545,-0.38743080643916394,-0.48208812507719034,-0.2995819680308855,-0.4494171319270536,2.1252852245779144
0.24588777114614466,-1.3526006140826883,1.1841631564920436,0.06582081601053989,-0.8190313891784428,-0.9624370814524013,0.0,0.0,0.0,0.0,0.0,1.0,0.0,-0.35710548845090123,-0.36940816537282545,-0.38743080643916394,-0.48208812507719034,-0.2995819680308855,2.4543196455136376,-0.48719841543888975
-1.4821146229332027,0.701086182168514,1.2543425445053236,3.624763448330238,2.464738217750232,-1.1306862966292779,0.0,0.0,0.0,0.0,0.0,1.0,0.0,-0.35710548845090123,-0.36940816537282545,-0.38743080643916394,-0.48208812507719034,-0.2995819680308855,2.468408581907703,-0.48719841543888975
-0.9061138249067536,0.016523916751446564,-1.207379360284329,-0.5009302846845041,0.2755584797977823,1.3089273234354326,0.0,0.0,0.0,0.0,0.0,1.0,0.0,-0.35710548845090123,-0.36940816537282545,-0.38743080643916394,-0.48208812507719034,-0.2995819680308855,1.9742030278510578,-0.48719841543888975
0.24588777114614466,1.3856484475855815,-0.25964118986645585,-0.5737912976297685,0.056640506002537304,-0.2613986848820821,0.0,0.0,1.0,0.0,0.0,0.0,0.0,-0.35710548845090123,-0.36940816537282545,2.470910272384556,-0.48208812507719034,-0.2995819680308855,-0.4494171319270536,-0.48719841543888975
-0.9061138249067536,-0.6680383486656208,0.4116637811494322,0.37437987083243185,-0.1622774677927077,-1.1306862966292779,0.0,0.0,0.0,0.0,1.0,0.0,0.0,-0.35710548845090123,-0.36940816537282545,-0.38743080643916394,-0.48208812507719034,3.4640396965385776,-0.4494171319270536,-0.48719841543888975
1.3978893671990429,0.016523916751446564,0.3484643085685351,-0.5977523018869362,-0.6001134153831977,-0.14923254143083106,0.0,0.0,0.0,0.0,0.0,0.0,1.0,-0.35710548845090123,-0.36940816537282545,-0.38743080643916394,-0.48208812507719034,-0.2995819680308855,-0.4494171319270536,2.144386702073059
0.24588777114614466,0.701086182168514,-1.4597745896358214,-0.817557840939932,-0.1622774677927077,-1.6634754780227203,0.0,0.0,0.0,0.0,0.0,1.0,0.0,-0.35710548845090123,-0.36940816537282545,-0.38743080643916394,-0.48208812507719034,-0.2995819680308855,1.9235331597720446,-0.48719841543888975
-0.9061138249067536,-0.6680383486656208,0.18681554154793828,0.19833983955528273,-0.1622774677927077,-0.14923254143083106,0.0,0.0,0.0,0.0,0.0,1.0,0.0,-0.35710548845090123,-0.36940816537282545,-0.38743080643916394,-0.48208812507719034,-0.2995819680308855,2.254096082619907,-0.48719841543888975
-1.4821146229332027,1.3856484475855815,-0.2648438278919433,0.8726709593641401,3.3404101129312123,0.0,0.0,0.0,0.0,0.0,0.0,1.0,0.0,-0.35710548845090123,-0.36940816537282545,-0.38743080643916394,-0.48208812507719034,-0.2995819680308855,2.1634227338209957,-0.48719841543888975
0.24588777114614466,1.3856484475855815,0.342380105591662,-0.3701227614438447,0.056640506002537304,-0.34552329247052044,0.0,0.0,0.0,0.0,0.0,0.0,1.0,-0.35710548845090123,-0.36940816537282545,-0.38743080643916394,-0.48208812507719034,-0.2995819680308855,-0.4494171319270536,2.1432118608371846
